,time_timetuple,time_datetime,ask,bid,cpn,facevalue,y2o_ask,y2o_bid,yield_ask,yield_bid,future_payments_sum_rf_discounted,ytm_rf,yto_rf,spread_offer_ask,spread_offer_bid,spread_maturity_ask,spread_maturity_bid
458,2014-01-06,2014-01-06 00:00:00,100.4,99.01,45.38,1000.0,,,9.1196,9.5183,1081.8247887078471,0.06889454902981614,0.06889454902981614,,,2.2301450970183865,2.6288450970183863
457,2014-01-08,2014-01-08 00:00:00,,99.26,45.38,1000.0,,,,9.6263,1082.6762069522545,0.06870782697068918,0.06870782697068918,,,,2.755517302931082
456,2014-01-09,2014-01-09 00:00:00,100.45,99.55,45.38,1000.0,,,9.0973,9.4968,1082.6705783258235,0.0687908417956601,0.0687908417956601,,,2.218215820433991,2.6177158204339905
455,2014-01-10,2014-01-10 00:00:00,100.45,99.55,45.38,1000.0,,,9.0973,9.4968,1083.2773056340418,0.0686230892215531,0.0686230892215531,,,2.2349910778446915,2.6344910778446913
454,2014-01-13,2014-01-13 00:00:00,100.5,99.55,45.38,1000.0,,,9.0749,9.4978,1084.3738956363013,0.0684155249523797,0.0684155249523797,,,2.2333475047620297,2.65624750476203
453,2014-01-14,2014-01-14 00:00:00,100.45,99.9,45.38,1000.0,,,9.0963,9.2295,1084.9516772534828,0.06825892602509133,0.06825892602509133,,,2.2704073974908665,2.403607397490867
452,2014-01-15,2014-01-15 00:00:00,100.45,100.0,45.38,1000.0,,,9.0963,9.2519,1084.6698814557656,0.06845553394322626,0.06845553394322626,,,2.2507466056773735,2.4063466056773732
451,2014-01-16,2014-01-16 00:00:00,100.45,100.0,45.38,1000.0,,,9.2295,9.2742,1084.189501712855,0.06873449974909318,0.06873449974909318,,,2.3560500250906813,2.400750025090682
450,2014-01-17,2014-01-17 00:00:00,100.5,100.1,45.38,1000.0,,,9.2072,9.2519,1084.037084093001,0.06887886432875089,0.06887886432875089,,,2.3193135671249117,2.3640135671249105
449,2014-01-20,2014-01-20 00:00:00,100.44,100.12,45.38,1000.0,,,9.1848,9.2295,1085.2426498916811,0.06862569498349214,0.06862569498349214,,,2.322230501650786,2.3669305016507867
448,2014-01-21,2014-01-21 00:00:00,100.35,100.15,45.38,1000.0,,,9.1848,9.1848,1084.7734825680736,0.068901744481619,0.068901744481619,,,2.2946255518380996,2.2946255518380996
447,2014-01-22,2014-01-22 00:00:00,100.4,100.25,45.38,1000.0,,,9.1177,9.1848,1084.8149006686428,0.06896672311216615,0.06896672311216615,,,2.2210276887833844,2.2881276887833844
446,2014-01-23,2014-01-23 00:00:00,100.5,100.15,45.38,1000.0,,,9.073,9.1848,1084.877828243496,0.06902292304349955,0.06902292304349955,,,2.1707076956500453,2.282507695650044
445,2014-01-24,2014-01-24 00:00:00,100.35,100.06,45.38,1000.0,,,9.2072,9.2249,1083.7552778792515,0.06957262071688339,0.06957262071688339,,,2.2499379283116614,2.267637928311661
444,2014-01-27,2014-01-27 00:00:00,100.05,99.8,45.38,1000.0,,,9.2975,9.3376,1081.4187746210175,0.0708014936829771,0.0708014936829771,,,2.2173506317022893,2.25745063170229
443,2014-01-28,2014-01-28 00:00:00,100.39,100.15,45.38,1000.0,,,9.2975,9.2072,1083.065398126523,0.07019585297282736,0.07019585297282736,,,2.277914702717263,2.187614702717264
442,2014-01-29,2014-01-29 00:00:00,100.35,100.1,45.38,1000.0,,,9.1401,9.2528,1079.0712299022798,0.0719606729349078,0.0719606729349078,,,1.9440327065092209,2.056732706509221
441,2014-01-30,2014-01-30 00:00:00,100.0,99.56,45.38,1000.0,,,9.2975,9.1848,1074.5402615908374,0.07396746571943376,0.07396746571943376,,,1.9007534280566238,1.7880534280566236
440,2014-01-31,2014-01-31 00:00:00,100.14,99.75,45.38,1000.0,,,9.2342,9.4111,1073.978106020477,0.07429625703633021,0.07429625703633021,,,1.8045742963669786,1.9814742963669785
439,2014-02-03,2014-02-03 00:00:00,100.15,99.55,45.38,1000.0,,,9.2295,9.5034,1073.5421388987916,0.07475319372169749,0.07475319372169749,,,1.7541806278302507,2.02808062783025
438,2014-02-04,2014-02-04 00:00:00,100.0,99.8,45.38,1000.0,,,9.2984,9.3888,1076.507160083795,0.07357644079434329,0.07357644079434329,,,1.940755920565672,2.031155920565671
437,2014-02-05,2014-02-05 00:00:00,100.1,100.01,45.38,1000.0,,,9.2528,9.2752,1079.562488361175,0.07236351962659703,0.07236351962659703,,,2.0164480373402984,2.0388480373402977
436,2014-02-06,2014-02-06 00:00:00,100.1,99.66,45.38,1000.0,,,9.2528,9.2984,1080.3676434261945,0.07210881879040056,0.07210881879040056,,,2.041918120959945,2.0875181209599454
435,2014-02-07,2014-02-07 00:00:00,100.2,100.01,45.38,1000.0,,,9.2528,9.2938,1081.4094673898555,0.07175316987506639,0.07175316987506639,,,2.077483012493362,2.1184830124933605
434,2014-02-10,2014-02-10 00:00:00,100.22,99.81,45.38,1000.0,,,9.1988,9.2621,1082.5083560220628,0.07154728379616929,0.07154728379616929,,,2.0440716203830718,2.1073716203830717
433,2014-02-11,2014-02-11 00:00:00,100.3,99.57,45.38,1000.0,,,9.1615,9.4959,1081.9373004026586,0.07187861402721886,0.07187861402721886,,,1.9736385972781143,2.308038597278115
432,2014-02-12,2014-02-12 00:00:00,100.25,99.56,45.38,1000.0,,,9.1848,9.5015,1083.6901180062885,0.0712177872381748,0.0712177872381748,,,2.0630212761825186,2.3797212761825195
431,2014-02-13,2014-02-13 00:00:00,100.3,99.56,45.38,1000.0,,,9.2575,9.2994,1081.3350688773103,0.07231285890840165,0.07231285890840165,,,2.0262141091598354,2.0681141091598354
430,2014-02-14,2014-02-14 00:00:00,100.24,100.0,45.38,1000.0,,,9.1895,9.2994,1080.4657631686064,0.0727749623726094,0.0727749623726094,,,1.9120037627390607,2.0219037627390604
429,2014-02-17,2014-02-17 00:00:00,100.24,99.57,45.38,1000.0,,,9.1895,9.4978,1083.1404172120892,0.07189240604357426,0.07189240604357426,,,2.0002593956425745,2.3085593956425736
428,2014-02-18,2014-02-18 00:00:00,100.48,99.56,45.38,1000.0,,,9.2081,9.2947,1082.8162861945984,0.07212057269313178,0.07212057269313178,,,1.9960427306868214,2.082642730686822
427,2014-02-19,2014-02-19 00:00:00,100.2,99.56,45.38,1000.0,,,9.2081,9.5034,1078.0493641094552,0.07427139170259466,0.07427139170259466,,,1.7809608297405344,2.0762608297405336
426,2014-02-20,2014-02-20 00:00:00,100.2,99.56,45.38,1000.0,,,9.2081,9.3003,1077.2018223565692,0.07473185307879056,0.07473185307879056,,,1.7349146921209444,1.8271146921209445
425,2014-02-21,2014-02-21 00:00:00,100.2,99.48,45.38,1000.0,,,9.2081,9.5415,1079.1695597661962,0.07396850740360868,0.07396850740360868,,,1.8112492596391325,2.1446492596391318
424,2014-02-24,2014-02-24 00:00:00,100.2,99.55,45.38,1000.0,,,9.2081,9.5099,1079.615226009893,0.07405020325315069,0.07405020325315069,,,1.8030796746849314,2.1048796746849314
423,2014-02-25,2014-02-25 00:00:00,100.2,99.56,45.38,1000.0,,,9.2081,9.1941,1080.071463561558,0.07394337616886755,0.07394337616886755,,,1.8137623831132448,1.7997623831132454
422,2014-02-26,2014-02-26 00:00:00,100.4,99.55,45.38,1000.0,,,9.1159,9.4409,1077.6106848314928,0.07511205218394199,0.07511205218394199,,,1.6046947816058017,1.929694781605801
421,2014-02-27,2014-02-27 00:00:00,100.0,99.7,45.38,1000.0,,,9.3012,9.4409,1077.4856408670316,0.07526072656319871,0.07526072656319871,,,1.7751273436801291,1.9148273436801286
420,2014-02-28,2014-02-28 00:00:00,100.15,99.6,45.38,1000.0,,,9.2314,9.4875,1078.3312102026118,0.07498349989767222,0.07498349989767222,,,1.7330500102327786,1.9891500102327786
419,2014-03-03,2014-03-03 00:00:00,100.49,90.0,45.38,1000.0,,,9.3022,9.5127,1066.5564443817973,0.08049829518313377,0.08049829518313377,,,1.2523704816866221,1.4628704816866236
418,2014-03-04,2014-03-04 00:00:00,99.55,98.55,45.38,1000.0,,,9.5127,9.9868,1069.3018366710153,0.07937029750390896,0.07937029750390896,,,1.5756702496091046,2.0497702496091046
417,2014-03-05,2014-03-05 00:00:00,100.0,99.0,45.38,1000.0,,,9.4195,9.4195,1067.3384445872116,0.08035041705596836,0.08035041705596836,,,1.3844582944031636,1.3844582944031636
416,2014-03-06,2014-03-06 00:00:00,99.99,99.0,45.38,1000.0,,,9.3068,9.7688,1062.9836624037798,0.0824152398732564,0.0824152398732564,,,1.0652760126743601,1.5272760126743599
415,2014-03-07,2014-03-07 00:00:00,99.94,99.0,45.38,1000.0,,,9.331,9.3217,1061.02400134764,0.08340839072941678,0.08340839072941678,,,0.9901609270583211,0.9808609270583215
414,2014-03-11,2014-03-11 00:00:00,99.94,99.0,45.38,1000.0,,,9.332,9.7772,1055.2649958450233,0.08647412595212871,0.08647412595212871,,,0.6845874047871305,1.1297874047871304
413,2014-03-12,2014-03-12 00:00:00,99.4,98.75,45.38,1000.0,,,9.5872,9.5164,1043.9852504350206,0.09182850507791508,0.09182850507791508,,,0.4043494922084907,0.3335494922084923
412,2014-03-13,2014-03-13 00:00:00,99.15,98.25,45.38,1000.0,,,9.7064,9.8983,1048.7890078063306,0.0896995269572315,0.0896995269572315,,,0.7364473042768491,0.9283473042768495
411,2014-03-14,2014-03-14 00:00:00,98.3,97.35,45.38,1000.0,,,10.1162,10.1404,1036.6728478994512,0.09552051822331574,0.09552051822331574,,,0.5641481776684252,0.5883481776684256
410,2014-03-17,2014-03-17 00:00:00,98.3,97.35,45.38,1000.0,,,10.119,10.5829,1048.8920482676008,0.09011381194509449,0.09011381194509449,,,1.1076188054905511,1.5715188054905518
409,2014-03-18,2014-03-18 00:00:00,98.3,97.35,45.38,1000.0,,,10.12,10.5847,1053.3887772438884,0.08812727594724476,0.08812727594724476,,,1.3072724052755227,1.7719724052755232
408,2014-03-19,2014-03-19 00:00:00,99.1,98.15,45.38,1000.0,,,10.1209,10.1935,1057.0002350975733,0.08655990612330006,0.08655990612330006,,,1.4649093876699943,1.537509387669994
407,2014-03-20,2014-03-20 00:00:00,99.0,98.4,45.38,1000.0,,,9.7837,10.0734,1052.7966783706152,0.08863195900600526,0.08863195900600526,,,0.9205040993994729,1.2102040993994727
406,2014-03-21,2014-03-21 00:00:00,99.1,98.4,45.38,1000.0,,,9.7362,10.0743,1050.4253519318588,0.08985938892364054,0.08985938892364054,,,0.7502611076359464,1.0883611076359454
405,2014-03-24,2014-03-24 00:00:00,98.6,98.4,45.38,1000.0,,,9.9802,10.0771,1054.6689303530125,0.08821325016309148,0.08821325016309148,,,1.1588749836908523,1.255774983690852
401,2014-03-28,2014-03-28 00:00:00,99.0,98.41,45.38,1000.0,,,9.7893,9.9355,1061.3228371845262,0.08555098360655303,0.08555098360655303,,,1.2342016393446986,1.3804016393446972
400,2014-03-31,2014-03-31 00:00:00,99.1,98.4,45.38,1000.0,,,9.7465,10.0836,1023.1708629947751,0.08250108857845917,0.08250108857845917,,,1.4963911421540832,1.8334911421540845
399,2014-04-01,2014-04-01 00:00:00,99.09,98.4,45.38,1000.0,,,9.7465,9.7902,1020.5712488926029,0.08381434095844016,0.08381434095844016,,,1.3650659041559834,1.4087659041559846
398,2014-04-02,2014-04-02 00:00:00,99.1,98.4,45.38,1000.0,,,9.7465,10.0846,1020.342518581612,0.08402625379846843,0.08402625379846843,,,1.3438746201531568,1.6819746201531576
397,2014-04-03,2014-04-03 00:00:00,99.09,98.4,45.38,1000.0,,,9.7465,10.0846,1020.1269939589182,0.08423257290584965,0.08423257290584965,,,1.3232427094150339,1.6613427094150346
396,2014-04-04,2014-04-04 00:00:00,100.44,98.65,45.38,1000.0,,,9.0945,9.5229,1021.5562203932187,0.08366956061825868,0.08366956061825868,,,0.7275439381741311,1.155943938174131
395,2014-04-07,2014-04-07 00:00:00,99.1,98.41,45.38,1000.0,,,9.7427,9.9635,1021.5906579762275,0.08397003719151692,0.08397003719151692,,,1.3456962808483066,1.5664962808483072
394,2014-04-08,2014-04-08 00:00:00,99.19,97.5,45.38,1000.0,,,9.699,10.4608,1023.7229120686276,0.08307555293290994,0.08307555293290994,,,1.3914447067090059,2.153244706709007
393,2014-04-09,2014-04-09 00:00:00,99.15,97.1,45.38,1000.0,,,9.7185,10.7384,1024.2491115846037,0.08293380283645187,0.08293380283645187,,,1.4251197163548142,2.445019716354814
392,2014-04-10,2014-04-10 00:00:00,100.44,85.01,45.38,1000.0,,,9.0917,10.785,1027.0224650630744,0.08173963062772818,0.08173963062772818,,,0.9177369372271809,2.6110369372271816
391,2014-04-11,2014-04-11 00:00:00,100.5,98.06,45.38,1000.0,,,9.0628,10.2578,1025.7974369258004,0.08241704000918905,0.08241704000918905,,,0.8210959990810949,2.016095999081095
390,2014-04-14,2014-04-14 00:00:00,98.0,95.01,45.38,1000.0,,,10.2904,10.0212,1022.7536956635336,0.08416760591972111,0.08416760591972111,,,1.8736394080278895,1.6044394080278899
389,2014-04-15,2014-04-15 00:00:00,100.44,85.61,45.38,1000.0,,,10.2913,10.9647,1020.1512225914408,0.08550955122340853,0.08550955122340853,,,1.7403448776591475,2.4137448776591484
388,2014-04-16,2014-04-16 00:00:00,100.44,85.61,45.38,1000.0,,,9.0898,11.6074,1022.5847339288332,0.08446244244154705,0.08446244244154705,,,0.6435557558452949,3.1611557558452947
387,2014-04-17,2014-04-17 00:00:00,100.44,85.61,45.38,1000.0,,,9.0889,17.1773,1022.3125116491182,0.08469964407433525,0.08469964407433525,,,0.6189355925664763,8.707335592566475
386,2014-04-18,2014-04-18 00:00:00,100.44,85.71,45.38,1000.0,,,9.0889,17.1233,1024.8781491292116,0.08358966550813053,0.08358966550813053,,,0.729933449186948,8.764333449186948
385,2014-04-21,2014-04-21 00:00:00,100.39,85.71,45.38,1000.0,,,9.1112,10.2708,1025.2213284737988,0.08374814521894401,0.08374814521894401,,,0.7363854781055998,1.8959854781055991
384,2014-04-22,2014-04-22 00:00:00,98.35,98.15,45.38,1000.0,,,10.12,10.0948,1024.3658087033712,0.0842634318441434,0.0842634318441434,,,1.6936568155856602,1.6684568155856603
383,2014-04-23,2014-04-23 00:00:00,100.44,85.71,45.38,1000.0,,,9.0861,17.1559,1023.5688977944692,0.08475261821618586,0.08475261821618586,,,0.6108381783814139,8.680638178381413
382,2014-04-24,2014-04-24 00:00:00,98.5,85.71,45.38,1000.0,,,10.0464,10.2224,1020.9218647618038,0.0861315140458025,0.0861315140458025,,,1.4332485954197498,1.60924859541975
381,2014-04-25,2014-04-25 00:00:00,98.5,85.71,45.38,1000.0,,,10.0464,17.1773,1014.1021786505743,0.08954132098773654,0.08954132098773654,,,1.0922679012263465,8.223167901226345
380,2014-04-28,2014-04-28 00:00:00,98.5,85.72,45.38,1000.0,,,10.0482,10.1488,1013.2112572080688,0.09032533026086483,0.09032533026086483,,,1.0156669739135165,1.1162669739135165
379,2014-04-29,2014-04-29 00:00:00,98.5,94.01,45.38,1000.0,,,10.0492,12.3898,1013.979873425669,0.09006684758407554,0.09006684758407554,,,1.0425152415924472,3.3831152415924457
378,2014-04-30,2014-04-30 00:00:00,98.5,84.01,45.38,1000.0,,,10.0492,18.2913,1013.4966634373433,0.09042074031431051,0.09042074031431051,,,1.0071259685689498,9.249225968568949
377,2014-05-02,2014-05-02 00:00:00,,84.01,45.38,1000.0,,,,11.0942,1012.0224395570605,0.09138189456061252,0.09138189456061252,,,,1.9560105439387492
376,2014-05-05,2014-05-05 00:00:00,98.49,84.01,45.38,1000.0,,,10.0575,11.2041,1013.5843864026538,0.09097012930443872,0.09097012930443872,,,0.9604870695561267,2.107087069556128
375,2014-05-06,2014-05-06 00:00:00,98.5,95.41,45.38,1000.0,,,10.1088,11.5972,1014.8415044512085,0.09046924504288407,0.09046924504288407,,,1.0618754957115932,2.5502754957115936
374,2014-05-07,2014-05-07 00:00:00,98.14,96.02,45.38,1000.0,,,10.2829,11.3392,1018.3719613286783,0.08884985601060132,0.08884985601060132,,,1.397914398939868,2.454214398939868
373,2014-05-08,2014-05-08 00:00:00,98.48,96.34,45.38,1000.0,,,10.1404,11.1725,1021.1123814693898,0.08762182354400887,0.08762182354400887,,,1.378217645599113,2.410317645599113
372,2014-05-12,2014-05-12 00:00:00,98.5,96.51,45.38,1000.0,,,10.0874,10.8483,1020.4438200644947,0.08841397439754267,0.08841397439754267,,,1.2460025602457332,2.0069025602457327
371,2014-05-13,2014-05-13 00:00:00,98.5,96.45,45.38,1000.0,,,10.0566,10.8548,1022.2674012450269,0.08763195081410882,0.08763195081410882,,,1.2934049185891165,2.091604918589116
370,2014-05-14,2014-05-14 00:00:00,98.5,96.44,45.38,1000.0,,,10.0575,11.0979,1021.9778356628258,0.08789067956077158,0.08789067956077158,,,1.2684320439228411,2.308832043922841
369,2014-05-15,2014-05-15 00:00:00,98.5,96.41,45.38,1000.0,,,10.0585,10.8735,1022.3300000568663,0.08783329149058382,0.08783329149058382,,,1.2751708509416186,2.090170850941618
368,2014-05-16,2014-05-16 00:00:00,98.5,96.36,45.38,1000.0,,,10.0594,11.1548,1021.0683806743984,0.08857405381742736,0.08857405381742736,,,1.2019946182572632,2.297394618257263
367,2014-05-19,2014-05-19 00:00:00,98.5,93.41,45.38,1000.0,,,10.0613,11.192,1023.2654778836895,0.0878373417824645,0.0878373417824645,,,1.2775658217535497,2.4082658217535506
366,2014-05-20,2014-05-20 00:00:00,98.5,96.34,45.38,1000.0,,,10.0613,11.1939,1024.6713382071644,0.08725739785156252,0.08725739785156252,,,1.3355602148437473,2.4681602148437474
365,2014-05-21,2014-05-21 00:00:00,98.5,96.72,45.38,1000.0,,,10.0622,10.8455,1025.026569729548,0.08719773880256815,0.08719773880256815,,,1.3424261197431857,2.1257261197431845
364,2014-05-22,2014-05-22 00:00:00,98.5,96.71,45.38,1000.0,,,10.0631,11.0001,1026.7983405609,0.08643580414949958,0.08643580414949958,,,1.4195195850500415,2.356519585050041
363,2014-05-23,2014-05-23 00:00:00,98.5,97.01,45.38,1000.0,,,10.0641,10.8427,1027.7628724314663,0.08607352347731724,0.08607352347731724,,,1.456747652268275,2.235347652268276
362,2014-05-26,2014-05-26 00:00:00,98.5,96.79,45.38,1000.0,,,10.0659,10.9489,1030.4778491178035,0.0850730118001637,0.0850730118001637,,,1.5585988199836294,2.4415988199836303
361,2014-05-27,2014-05-27 00:00:00,98.45,97.0,45.38,1000.0,,,10.092,10.8539,1026.9456136783851,0.08694368031493668,0.08694368031493668,,,1.3976319685063316,2.1595319685063306
360,2014-05-28,2014-05-28 00:00:00,98.4,98.0,45.38,1000.0,,,10.119,10.3277,1027.1548385540973,0.08695635225652007,0.08695635225652007,,,1.4233647743479931,1.6320647743479935
359,2014-05-29,2014-05-29 00:00:00,98.5,,45.38,1000.0,,,10.0678,,1029.3794987215042,0.08596355346973408,0.08596355346973408,,,1.471444653026591,
358,2014-05-30,2014-05-30 00:00:00,98.5,84.01,45.38,1000.0,,,10.0687,18.5763,1029.9068209072939,0.08581662405147972,0.08581662405147972,,,1.487037594852028,9.994637594852028
357,2014-06-02,2014-06-02 00:00:00,98.5,84.01,45.38,1000.0,,,10.0706,18.6061,1029.8017360564138,0.08621804340051696,0.08621804340051696,,,1.4487956599483045,9.984295659948305
356,2014-06-03,2014-06-03 00:00:00,98.5,92.0,45.38,1000.0,,,10.0715,10.8651,1030.769240638753,0.0858502984129136,0.0858502984129136,,,1.4864701587086397,2.2800701587086394
355,2014-06-04,2014-06-04 00:00:00,98.5,92.01,45.38,1000.0,,,10.0724,13.65,1030.880694779119,0.08591104245089666,0.08591104245089666,,,1.4812957549103345,5.058895754910335
354,2014-06-05,2014-06-05 00:00:00,98.5,92.01,45.38,1000.0,,,10.0724,10.7831,1032.15538231796,0.08538858237208133,0.08538858237208133,,,1.5335417627918666,2.244241762791866
353,2014-06-06,2014-06-06 00:00:00,98.5,92.66,45.38,1000.0,,,10.0734,10.5968,1034.6244221017894,0.08426825092130277,0.08426825092130277,,,1.6465749078697218,2.1699749078697224
352,2014-06-09,2014-06-09 00:00:00,98.2,96.51,45.38,1000.0,,,10.2345,10.5903,1034.318570460783,0.0847671998261943,0.0847671998261943,,,1.757780017380572,2.1135800173805706
351,2014-06-10,2014-06-10 00:00:00,98.5,97.1,45.38,1000.0,,,10.0762,10.8222,1035.5603692126863,0.08425911141281582,0.08425911141281582,,,1.6502888587184188,2.3962888587184192
350,2014-06-11,2014-06-11 00:00:00,98.5,97.1,45.38,1000.0,,,10.0771,10.6034,1035.7446951666275,0.0842818493356803,0.0842818493356803,,,1.6489150664319698,2.1752150664319707
349,2014-06-16,2014-06-16 00:00:00,98.5,97.24,45.38,1000.0,,,10.2941,10.7459,1034.0643928297332,0.08571475327162782,0.08571475327162782,,,1.7226246728372185,2.174424672837219
348,2014-06-17,2014-06-17 00:00:00,98.5,97.07,45.38,1000.0,,,10.215,10.7691,1035.09313592937,0.08531066129014613,0.08531066129014613,,,1.6839338709853866,2.2380338709853866
347,2014-06-18,2014-06-18 00:00:00,98.25,96.98,45.38,1000.0,,,10.2159,10.8465,1035.4979468820552,0.08522297228380263,0.08522297228380263,,,1.6936027716197373,2.3242027716197384
346,2014-06-19,2014-06-19 00:00:00,98.25,97.09,45.38,1000.0,,,10.2168,10.8427,1037.086225446123,0.0845340075005162,0.0845340075005162,,,1.7633992499483782,2.3892992499483796
345,2014-06-20,2014-06-20 00:00:00,98.2,97.06,45.38,1000.0,,,10.2448,10.8604,1035.900812397692,0.08525415948664153,0.08525415948664153,,,1.7193840513358474,2.334984051335848
344,2014-06-23,2014-06-23 00:00:00,98.0,96.51,45.38,1000.0,,,10.3556,10.8604,1037.7173441337077,0.0846826486055251,0.0846826486055251,,,1.8873351394474902,2.3921351394474897
343,2014-06-24,2014-06-24 00:00:00,98.5,96.51,45.38,1000.0,,,10.0883,11.0374,1039.7462346982832,0.0837660511821676,0.0837660511821676,,,1.7116948817832416,2.660794881783241
342,2014-06-25,2014-06-25 00:00:00,98.0,96.0,45.38,1000.0,,,10.9014,10.2494,1040.7047244450685,0.08339449616039613,0.08339449616039613,,,2.5619503839603883,1.9099503839603873
341,2014-06-26,2014-06-26 00:00:00,98.49,97.01,45.38,1000.0,,,10.364,10.8977,1040.159414869982,0.08378914758435817,0.08378914758435817,,,1.9850852415641835,2.518785241564183
340,2014-06-27,2014-06-27 00:00:00,98.49,96.5,45.38,1000.0,,,10.3603,11.1808,1040.6702492429813,0.08364532402765108,0.08364532402765108,,,1.9957675972348916,2.8162675972348907
339,2014-06-30,2014-06-30 00:00:00,98.49,95.55,45.38,1000.0,,,10.445,10.5,1040.5888712651686,0.0840394954181817,0.0840394954181817,,,2.0410504581818305,2.0960504581818302
338,2014-07-01,2014-07-01 00:00:00,98.49,95.51,45.38,1000.0,,,10.0995,11.1343,1038.6436595672853,0.08515853874266742,0.08515853874266742,,,1.5836461257332584,2.618446125733257
337,2014-07-02,2014-07-02 00:00:00,98.49,95.51,45.38,1000.0,,,10.1004,11.1305,1041.107200574998,0.08400959436381886,0.08400959436381886,,,1.699440563618115,2.729540563618114
336,2014-07-03,2014-07-03 00:00:00,98.49,92.01,45.38,1000.0,,,10.1013,11.4686,1040.3933903297711,0.08449581215020227,0.08449581215020227,,,1.6517187849797725,3.0190187849797727
335,2014-07-04,2014-07-04 00:00:00,98.49,95.46,45.38,1000.0,,,10.1023,11.1734,1039.5706993353674,0.08504008661523936,0.08504008661523936,,,1.5982913384760629,2.669391338476064
334,2014-07-07,2014-07-07 00:00:00,98.48,95.47,45.38,1000.0,,,10.1106,11.1967,1040.5312427090685,0.08490377607815398,0.08490377607815398,,,1.6202223921846013,2.7063223921846014
333,2014-07-08,2014-07-08 00:00:00,99.1,92.01,45.38,1000.0,,,9.7753,11.0476,1042.1186318783934,0.08420118491313588,0.08420118491313588,,,1.355181508686412,2.6274815086864116
332,2014-07-09,2014-07-09 00:00:00,98.95,95.46,45.38,1000.0,,,9.8573,11.0951,1040.7583029170319,0.08502727521889619,0.08502727521889619,,,1.3545724781103807,2.5923724781103807
331,2014-07-10,2014-07-10 00:00:00,99.17,95.51,45.38,1000.0,,,9.739,11.0691,1040.2631552328332,0.08540625691970137,0.08540625691970137,,,1.198374308029864,2.528474308029864
330,2014-07-11,2014-07-11 00:00:00,99.09,97.1,45.38,1000.0,,,9.7828,10.8306,1040.166104619529,0.08557876184115262,0.08557876184115262,,,1.224923815884738,2.2727238158847385
329,2014-07-14,2014-07-14 00:00:00,98.79,95.56,45.38,1000.0,,,9.9476,11.7527,1039.7124257471164,0.08618453470145263,0.08618453470145263,,,1.3291465298547376,3.134246529854739
328,2014-07-15,2014-07-15 00:00:00,99.02,97.07,45.38,1000.0,,,9.8228,10.8716,1039.7979270276983,0.086263295538057,0.086263295538057,,,1.1964704461943008,2.2452704461943007
327,2014-07-16,2014-07-16 00:00:00,98.88,96.91,45.38,1000.0,,,9.9001,10.9294,1039.8978526312326,0.08633473162339583,0.08633473162339583,,,1.2666268376604162,2.2959268376604154
326,2014-07-17,2014-07-17 00:00:00,98.98,94.51,45.38,1000.0,,,10.1032,10.3845,1034.4568119784467,0.08933693650477098,0.08933693650477098,,,1.1695063495229014,1.4508063495229013
325,2014-07-18,2014-07-18 00:00:00,98.42,92.01,45.38,1000.0,,,10.1535,13.8689,1034.6561755046307,0.08935990960832514,0.08935990960832514,,,1.217509039167485,4.932909039167486
324,2014-07-21,2014-07-21 00:00:00,98.19,92.01,45.38,1000.0,,,10.2839,11.4332,1028.932219146054,0.09281975754329311,0.09281975754329311,,,1.001924245670688,2.1512242456706883
323,2014-07-22,2014-07-22 00:00:00,98.14,97.01,45.38,1000.0,,,10.5307,10.9461,1031.189073031959,0.09173885213804343,0.09173885213804343,,,1.356814786195656,1.772214786195656
322,2014-07-23,2014-07-23 00:00:00,98.19,98.01,45.38,1000.0,,,10.3146,10.3873,1033.4166425223518,0.09067449069364326,0.09067449069364326,,,1.2471509306356747,1.319850930635674
321,2014-07-24,2014-07-24 00:00:00,98.13,92.01,45.38,1000.0,,,10.3211,11.2693,1032.8374027355537,0.09111819705338395,0.09111819705338395,,,1.209280294661605,2.157480294661605
320,2014-07-25,2014-07-25 00:00:00,97.96,96.04,45.38,1000.0,,,10.4171,11.2656,1026.4397953235523,0.09471629849992824,0.09471629849992824,,,0.9454701500071749,1.7939701500071745
319,2014-07-28,2014-07-28 00:00:00,98.97,95.49,45.38,1000.0,,,10.7198,11.3308,1026.0949167911913,0.09532231485255388,0.09532231485255388,,,1.187568514744612,1.7985685147446127
318,2014-07-29,2014-07-29 00:00:00,98.25,95.33,45.38,1000.0,,,10.2606,11.8263,1021.7469508628753,0.09785313016288996,0.09785313016288996,,,0.47528698371100475,2.0409869837110044
317,2014-07-30,2014-07-30 00:00:00,99.02,95.31,45.38,1000.0,,,9.8387,11.9465,1024.9726397336785,0.09621966103327322,0.09621966103327322,,,0.21673389667267706,2.324533896672678
316,2014-07-31,2014-07-31 00:00:00,98.2,96.75,45.38,1000.0,,,10.2913,11.1138,1024.8379000842651,0.09643590812729065,0.09643590812729065,,,0.6477091872709337,1.4702091872709335
315,2014-08-01,2014-08-01 00:00:00,100.07,95.39,45.38,1000.0,,,10.1246,11.8822,1023.5297377682804,0.09730081061498634,0.09730081061498634,,,0.3945189385013652,2.1521189385013653
314,2014-08-04,2014-08-04 00:00:00,99.35,95.26,45.38,1000.0,,,9.6542,11.9446,1023.2910955247186,0.09786703551032201,0.09786703551032201,,,-0.13250355103220102,2.157896448967799
313,2014-08-05,2014-08-05 00:00:00,98.2,95.06,45.38,1000.0,,,10.2979,11.9893,1023.113998850679,0.09811123319187506,0.09811123319187506,,,0.48677668081249337,2.178176680812493
312,2014-08-06,2014-08-06 00:00:00,98.95,95.03,45.38,1000.0,,,9.8778,11.9632,1020.6832361371946,0.09961498280405442,0.09961498280405442,,,-0.08369828040544114,2.001701719594559
311,2014-08-07,2014-08-07 00:00:00,98.03,92.01,45.38,1000.0,,,10.3966,12.2343,1021.7554444476455,0.09916340525278221,0.09916340525278221,,,0.48025947472177855,2.3179594747217784
310,2014-08-08,2014-08-08 00:00:00,99.42,92.01,45.38,1000.0,,,9.617,13.9863,1023.3747936415924,0.09840541783423491,0.09840541783423491,,,-0.22354178342349051,4.145758216576509
309,2014-08-11,2014-08-11 00:00:00,98.98,95.12,45.38,1000.0,,,9.8647,12.0992,1027.612291108141,0.09647665129222462,0.09647665129222462,,,0.21703487077753714,2.4515348707775377
308,2014-08-12,2014-08-12 00:00:00,98.53,95.44,45.38,1000.0,,,10.12,11.912,1030.004219807784,0.09528738603723118,0.09528738603723118,,,0.5912613962768809,2.3832613962768825
307,2014-08-13,2014-08-13 00:00:00,98.53,95.48,45.38,1000.0,,,10.1209,11.8915,1031.0776884618103,0.09483251522196365,0.09483251522196365,,,0.6376484778036353,2.4082484778036353
306,2014-08-14,2014-08-14 00:00:00,98.49,92.01,45.38,1000.0,,,10.1442,11.8766,1031.8773999436537,0.09452955057513608,0.09452955057513608,,,0.6912449424863922,2.4236449424863924
305,2014-08-15,2014-08-15 00:00:00,97.0,95.79,45.38,1000.0,,,11.0029,11.7136,1033.4464829468764,0.09379784596321804,0.09379784596321804,,,1.623115403678197,2.333815403678196
304,2014-08-18,2014-08-18 00:00:00,97.7,95.81,45.38,1000.0,,,10.6024,11.7108,1033.3319137050657,0.09428757192589829,0.09428757192589829,,,1.17364280741017,2.2820428074101713
303,2014-08-19,2014-08-19 00:00:00,97.95,95.79,45.38,1000.0,,,10.4599,11.708,1033.5345665692234,0.09431695634065117,0.09431695634065117,,,1.028204365934883,2.276304365934884
302,2014-08-20,2014-08-20 00:00:00,97.48,95.81,45.38,1000.0,,,10.7338,11.7173,1035.2270382023244,0.09351219402831171,0.09351219402831171,,,1.382580597168829,2.3660805971688283
301,2014-08-21,2014-08-21 00:00:00,98.19,95.8,45.38,1000.0,,,11.0281,11.7266,1036.2955732952341,0.09305607230128955,0.09305607230128955,,,1.7224927698710442,2.4209927698710434
300,2014-08-22,2014-08-22 00:00:00,98.29,95.82,45.38,1000.0,,,10.6155,10.2056,1034.7482267786643,0.09406544036371678,0.09406544036371678,,,1.2089559636283234,0.799055963628323
299,2014-08-25,2014-08-25 00:00:00,99.89,95.91,45.38,1000.0,,,9.3608,11.6726,1037.0858735268073,0.09318012217702215,0.09318012217702215,,,0.04278778229778446,2.3545877822977843
298,2014-08-26,2014-08-26 00:00:00,99.94,95.92,45.38,1000.0,,,9.3329,11.6698,1036.7938375847284,0.09348715372875055,0.09348715372875055,,,-0.01581537287505519,2.321084627124945
297,2014-08-27,2014-08-27 00:00:00,99.9,95.95,45.38,1000.0,,,9.3562,11.6549,1035.7373432269846,0.09422705761872939,0.09422705761872939,,,-0.06650576187293922,2.232194238127061
296,2014-08-28,2014-08-28 00:00:00,99.89,95.81,45.38,1000.0,,,9.3618,11.1268,1029.8497385142807,0.09772016184557367,0.09772016184557367,,,-0.41021618455736686,1.354783815442632
295,2014-08-29,2014-08-29 00:00:00,99.9,95.17,45.38,1000.0,,,10.3016,11.8915,1027.2409823681628,0.09936673304613253,0.09936673304613253,,,0.3649266953867478,1.954826695386748
294,2014-09-01,2014-09-01 00:00:00,99.8,95.04,45.38,1000.0,,,9.4139,10.3006,1028.3790481880828,0.09917189477319743,0.09917189477319743,,,-0.5032894773197434,0.383410522680256
293,2014-09-02,2014-09-02 00:00:00,99.79,95.03,45.38,1000.0,,,9.4205,12.2231,1028.2801175976088,0.09938283779071068,0.09938283779071068,,,-0.5177837790710669,2.284816220928933
292,2014-09-03,2014-09-03 00:00:00,99.74,95.26,45.38,1000.0,,,9.4493,12.061,1032.556407369817,0.09707207018335172,0.09707207018335172,,,-0.2579070183351728,2.353792981664828
291,2014-09-04,2014-09-04 00:00:00,96.85,95.46,45.38,1000.0,,,11.1389,11.9791,1033.0023497553898,0.09696631090704887,0.09696631090704887,,,1.4422689092951124,2.2824689092951136
290,2014-09-05,2014-09-05 00:00:00,99.88,95.5,45.38,1000.0,,,11.0635,11.9278,1034.8045387657326,0.09608054973171222,0.09608054973171222,,,1.4554450268287766,2.3197450268287767
289,2014-09-08,2014-09-08 00:00:00,99.79,95.54,45.38,1000.0,,,11.0411,11.8896,1034.9753238969827,0.09643227415036482,0.09643227415036482,,,1.397872584963519,2.2463725849635185
288,2014-09-09,2014-09-09 00:00:00,99.66,95.64,45.38,1000.0,,,11.0309,11.8561,1033.9479204259312,0.0971775264994688,0.0971775264994688,,,1.3131473500531214,2.1383473500531203
287,2014-09-10,2014-09-10 00:00:00,97.99,95.54,45.38,1000.0,,,11.0393,11.8775,1034.6709045380906,0.09691083545959421,0.09691083545959421,,,1.34821645404058,2.186416454040579
286,2014-09-11,2014-09-11 00:00:00,97.0,95.36,45.38,1000.0,,,11.0663,11.9493,1033.9568767910055,0.0974775156873588,0.0974775156873588,,,1.3185484312641211,2.2015484312641203
285,2014-09-12,2014-09-12 00:00:00,97.0,95.49,45.38,1000.0,,,11.0691,11.9902,1035.7489434665342,0.09658953203329063,0.09658953203329063,,,1.4101467966709382,2.3312467966709374
284,2014-09-15,2014-09-15 00:00:00,96.75,95.46,45.38,1000.0,,,11.2274,12.007,1035.7694649531002,0.09703516134294109,0.09703516134294109,,,1.5238838657058906,2.303483865705891
283,2014-09-16,2014-09-16 00:00:00,96.5,95.43,45.38,1000.0,,,11.383,12.0294,1036.5894745658734,0.09671002105545833,0.09671002105545833,,,1.711997894454166,2.3583978944541677
282,2014-09-17,2014-09-17 00:00:00,99.93,95.86,45.38,1000.0,,,11.3857,11.7481,1038.9181387805534,0.09550507144747294,0.09550507144747294,,,1.8351928552527053,2.197592855252706
281,2014-09-18,2014-09-18 00:00:00,99.92,96.01,45.38,1000.0,,,9.3515,11.6903,1037.8326380801088,0.09629000292201251,0.09629000292201251,,,-0.2775002922012515,2.0612997077987494
280,2014-09-19,2014-09-19 00:00:00,99.93,95.99,45.38,1000.0,,,11.0802,11.6875,1038.856281133505,0.09584444575635542,0.09584444575635542,,,1.4957554243644573,2.1030554243644577
279,2014-09-22,2014-09-22 00:00:00,99.49,96.0,45.38,1000.0,,,11.2777,11.6847,1039.6482842787784,0.09583849155466649,0.09583849155466649,,,1.693850844533351,2.100850844533351
275,2014-09-26,2014-09-26 00:00:00,98.99,94.02,45.38,1000.0,,,11.4137,12.9794,1042.6636318796993,0.09467792064854959,0.09467792064854959,,,1.9459079351450423,3.511607935145042
274,2014-09-29,2014-09-29 00:00:00,97.89,95.0,45.38,1000.0,,,11.1417,12.3572,997.4679645378054,0.09500694580407068,0.09500694580407068,,,1.6410054195929327,2.856505419592933
273,2014-09-30,2014-09-30 00:00:00,98.99,97.8,45.38,1000.0,,,10.5559,10.6229,997.9699001488989,0.09485691195281873,0.09485691195281873,,,1.070208804718126,1.1372088047181261
272,2014-10-01,2014-10-01 00:00:00,99.0,94.01,45.38,1000.0,,,9.8992,13.0073,997.1652036300037,0.09547994345509411,0.09547994345509411,,,0.35120565449058994,3.4593056544905902
271,2014-10-02,2014-10-02 00:00:00,98.5,95.99,45.38,1000.0,,,10.2001,11.5897,996.7092939054478,0.09589841528887118,0.09589841528887118,,,0.6102584711128838,1.9998584711128835
270,2014-10-03,2014-10-03 00:00:00,98.98,95.89,45.38,1000.0,,,9.9122,11.7369,991.8737150960333,0.09893438042084077,0.09893438042084077,,,0.018761957915923944,1.843461957915924
269,2014-10-06,2014-10-06 00:00:00,97.98,95.82,45.38,1000.0,,,10.5205,11.789,993.9987783622656,0.098119700613343,0.098119700613343,,,0.7085299386657002,1.9770299386656998
268,2014-10-07,2014-10-07 00:00:00,97.0,95.75,45.38,1000.0,,,11.1268,11.8682,995.8857641116006,0.09714002394874355,0.09714002394874355,,,1.412797605125645,2.1541976051256455
267,2014-10-08,2014-10-08 00:00:00,96.75,95.93,45.38,1000.0,,,11.2842,11.7946,995.1548111866581,0.09773106729812649,0.09773106729812649,,,1.5110932701873523,2.021493270187353
266,2014-10-09,2014-10-09 00:00:00,97.0,95.85,45.38,1000.0,,,11.1305,11.8487,994.7210269797207,0.09814544232715901,0.09814544232715901,,,1.3159557672840982,2.0341557672840977
265,2014-10-10,2014-10-10 00:00:00,96.75,95.86,45.38,1000.0,,,11.2889,11.8515,994.0215259397528,0.09872186332157681,0.09872186332157681,,,1.416713667842318,1.9793136678423178
264,2014-10-13,2014-10-13 00:00:00,96.7,95.77,45.38,1000.0,,,11.3271,11.9176,995.0479490802173,0.09856605715510164,0.09856605715510164,,,1.4704942844898365,2.060994284489837
263,2014-10-14,2014-10-14 00:00:00,97.0,95.76,45.38,1000.0,,,11.1408,11.9017,993.4083258459159,0.09971863680573467,0.09971863680573467,,,1.1689363194265336,1.929836319426533
262,2014-10-15,2014-10-15 00:00:00,96.99,95.67,45.38,1000.0,,,11.1492,11.9558,993.6789227675831,0.09971137203959933,0.09971137203959933,,,1.1780627960400682,1.9846627960400678
261,2014-10-16,2014-10-16 00:00:00,96.7,95.62,45.38,1000.0,,,11.3336,11.9977,992.7690149106099,0.10042536477523394,0.10042536477523394,,,1.2910635224766072,1.9551635224766066
260,2014-10-17,2014-10-17 00:00:00,97.0,95.65,45.38,1000.0,,,11.1529,12.0005,996.6969505987713,0.09818644266516872,0.09818644266516872,,,1.334255733483129,2.181855733483129
259,2014-10-20,2014-10-20 00:00:00,96.0,95.5,45.38,1000.0,,,11.7909,11.9968,996.1389327965196,0.098997191881524,0.098997191881524,,,1.891180811847601,2.0970808118476008
258,2014-10-21,2014-10-21 00:00:00,95.75,95.53,45.38,1000.0,,,11.9548,12.0973,997.2522902885792,0.09847298199783093,0.09847298199783093,,,2.107501800216907,2.250001800216907
257,2014-10-22,2014-10-22 00:00:00,95.75,95.63,45.38,1000.0,,,11.9586,12.0359,998.5866298020571,0.09781290316776448,0.09781290316776448,,,2.1773096832235534,2.2546096832235527
256,2014-10-23,2014-10-23 00:00:00,95.75,95.61,45.38,1000.0,,,11.9614,12.0526,997.39367579199,0.09870132468116317,0.09870132468116317,,,2.091267531883682,2.182467531883683
255,2014-10-24,2014-10-24 00:00:00,96.2,95.26,45.38,1000.0,,,11.9642,12.075,996.3858800801077,0.09948001961794364,0.09948001961794364,,,2.0161980382056353,2.1269980382056346
254,2014-10-27,2014-10-27 00:00:00,96.2,95.28,45.38,1000.0,,,11.6819,12.2818,997.2563397525903,0.0994221889003897,0.0994221889003897,,,1.7396811099610296,2.3395811099610295
253,2014-10-28,2014-10-28 00:00:00,96.2,95.5,45.38,1000.0,,,11.6847,11.8151,994.7478499859019,0.10113970715461755,0.10113970715461755,,,1.5707292845382437,1.7011292845382435
252,2014-10-29,2014-10-29 00:00:00,96.2,95.4,45.38,1000.0,,,11.6875,12.21,992.9245626098234,0.10244090885669943,0.10244090885669943,,,1.4434091143300574,1.9659091143300582
251,2014-10-30,2014-10-30 00:00:00,96.12,95.4,45.38,1000.0,,,11.7686,12.2138,991.879825615115,0.1032614743716985,0.1032614743716985,,,1.4424525628301499,1.8876525628301515
250,2014-10-31,2014-10-31 00:00:00,96.1,95.4,45.38,1000.0,,,11.7779,12.2175,990.2903518845815,0.10442880009682633,0.10442880009682633,,,1.3350199903173685,1.7746199903173672
249,2014-11-03,2014-11-03 00:00:00,96.08,92.0,45.38,1000.0,,,11.7807,14.5432,991.3970926691896,0.1042405011502819,0.1042405011502819,,,1.3566498849718105,4.119149884971812
248,2014-11-05,2014-11-05 00:00:00,96.2,92.01,45.38,1000.0,,,11.708,14.5432,991.7915598477764,0.1043319187556614,0.1043319187556614,,,1.274808124433859,4.110008124433859
247,2014-11-06,2014-11-06 00:00:00,96.2,92.01,45.38,1000.0,,,11.7117,14.5572,988.4889382836184,0.10660482115544981,0.10660482115544981,,,1.0512178844550188,3.8967178844550183
246,2014-11-07,2014-11-07 00:00:00,96.2,92.01,45.38,1000.0,,,11.7145,14.5563,988.7029422490473,0.10664340619207242,0.10664340619207242,,,1.0501593807927563,3.8919593807927573
245,2014-11-10,2014-11-10 00:00:00,96.2,92.01,45.38,1000.0,,,11.7238,14.5842,991.5891681969129,0.10532264269696695,0.10532264269696695,,,1.1915357303033058,4.051935730303304
244,2014-11-11,2014-11-11 00:00:00,95.97,92.01,45.38,1000.0,,,11.8785,14.5917,990.6462475140552,0.10610119972262347,0.10610119972262347,,,1.2683800277376545,3.981580027737653
243,2014-11-12,2014-11-12 00:00:00,95.93,92.02,45.38,1000.0,,,11.9083,14.5917,991.0549311047026,0.10601455437500341,0.10601455437500341,,,1.3068445624996592,3.990244562499658
242,2014-11-13,2014-11-13 00:00:00,95.87,92.02,45.38,1000.0,,,11.9511,14.5982,990.7993399264963,0.10635491909211303,0.10635491909211303,,,1.3156080907886967,3.9627080907886967
241,2014-11-14,2014-11-14 00:00:00,95.79,92.17,45.38,1000.0,,,12.0079,14.4985,989.845163024197,0.10714734202177811,0.10714734202177811,,,1.293165797822187,3.7837657978221877
240,2014-11-17,2014-11-17 00:00:00,94.99,92.01,45.38,1000.0,,,13.6873,14.6336,990.5777903675017,0.10720945020681769,0.10720945020681769,,,2.9663549793182327,3.9126549793182317
239,2014-11-18,2014-11-18 00:00:00,94.99,92.05,45.38,1000.0,,,12.5621,14.5907,990.8441353441519,0.10721601239774493,0.10721601239774493,,,1.8404987602255058,3.8690987602255067
238,2014-11-19,2014-11-19 00:00:00,93.99,92.01,45.38,1000.0,,,13.2532,14.6476,990.0341170737815,0.10792289617664602,0.10792289617664602,,,2.4609103823353973,3.8553103823353982
237,2014-11-20,2014-11-20 00:00:00,95.61,92.01,45.38,1000.0,,,13.2588,13.9509,991.7994618116239,0.10695430479508541,0.10695430479508541,,,2.5633695204914595,3.2554695204914594
236,2014-11-21,2014-11-21 00:00:00,93.99,92.01,45.38,1000.0,,,13.2635,13.9574,992.2795574013801,0.10682151297153694,0.10682151297153694,,,2.581348702846306,3.275248702846305
235,2014-11-24,2014-11-24 00:00:00,93.99,92.01,45.38,1000.0,,,13.2802,14.6839,993.0729517226995,0.10684418281807687,0.10684418281807687,,,2.5957817181923133,3.999481718192312
234,2014-11-25,2014-11-25 00:00:00,93.99,92.01,45.38,1000.0,,,13.2849,14.6913,990.680595166952,0.10859476780472517,0.10859476780472517,,,2.4254232195274827,3.8318232195274824
233,2014-11-26,2014-11-26 00:00:00,93.75,92.01,45.38,1000.0,,,13.9891,14.6913,991.5030574688027,0.10823774193465847,0.10823774193465847,,,3.1653258065341525,3.867525806534152
232,2014-11-27,2014-11-27 00:00:00,93.0,91.51,45.38,1000.0,,,14.7137,14.3532,988.8928547017338,0.1101452093666043,0.1101452093666043,,,3.699179063339569,3.338679063339569
231,2014-11-28,2014-11-28 00:00:00,92.99,92.75,45.38,1000.0,,,14.0086,14.18,987.7296472671175,0.11110476189954484,0.11110476189954484,,,2.898123810045515,3.0695238100455153
230,2014-12-01,2014-12-01 00:00:00,91.9,91.51,45.38,1000.0,,,14.8161,15.1021,984.4935453860068,0.1138427818253992,0.1138427818253992,,,3.431821817460081,3.717821817460081
229,2014-12-02,2014-12-02 00:00:00,92.0,91.01,45.38,1000.0,,,14.7509,15.1105,981.7383321607226,0.11589596896264935,0.11589596896264935,,,3.161303103735065,3.5209031037350655
228,2014-12-03,2014-12-03 00:00:00,92.0,91.01,45.38,1000.0,,,14.7584,15.4886,980.8243555293723,0.11671487112537485,0.11671487112537485,,,3.086912887462516,3.8171128874625158
227,2014-12-04,2014-12-04 00:00:00,92.0,91.01,45.38,1000.0,,,14.7659,15.497,976.0291936981785,0.12018673433716576,0.12018673433716576,,,2.747226566283425,3.4783265662834246
226,2014-12-05,2014-12-05 00:00:00,91.8,91.01,45.38,1000.0,,,14.9205,15.5063,969.7717194106542,0.12471044644850397,0.12471044644850397,,,2.4494553551496026,3.0352553551496015
225,2014-12-08,2014-12-08 00:00:00,90.0,89.01,45.38,1000.0,,,16.2962,15.5324,953.9824594477213,0.13652152139013732,0.13652152139013732,,,2.6440478609862677,1.8802478609862696
224,2014-12-09,2014-12-09 00:00:00,89.9,89.01,45.38,1000.0,,,16.3828,17.0692,950.881429359837,0.13899311862671773,0.13899311862671773,,,2.4834881373282265,3.1698881373282255
223,2014-12-10,2014-12-10 00:00:00,87.5,86.01,45.38,1000.0,,,18.2736,17.0804,953.9093563553115,0.13705501493983832,0.13705501493983832,,,4.568098506016167,3.3748985060161694
222,2014-12-11,2014-12-11 00:00:00,88.0,86.0,45.38,1000.0,,,19.096,19.4984,957.8727279774921,0.1344510900738338,0.1344510900738338,,,5.65089099261662,6.0532909926166205
221,2014-12-12,2014-12-12 00:00:00,86.5,86.0,45.38,1000.0,,,19.1109,19.5217,945.564886308626,0.14360688142117317,0.14360688142117317,,,4.750211857882684,5.1610118578826825
220,2014-12-15,2014-12-15 00:00:00,86.5,85.46,45.38,1000.0,,,19.1538,20.0172,940.574514254065,0.1480671050234918,0.1480671050234918,,,4.3470894976508205,5.210489497650819
219,2014-12-16,2014-12-16 00:00:00,89.89,81.0,45.38,1000.0,,,20.4214,20.4214,874.4404337665787,0.20064417013832583,0.20064417013832583,,,0.3569829861674165,0.3569829861674165
218,2014-12-17,2014-12-17 00:00:00,85.0,83.0,45.38,1000.0,,,20.4382,21.2858,915.5245293006585,0.16770881819577746,0.16770881819577746,,,3.667318180422253,4.514918180422253
217,2014-12-18,2014-12-18 00:00:00,85.0,82.11,45.38,1000.0,,,20.454,22.9809,914.3434875932346,0.16893715840907877,0.16893715840907877,,,3.5602841590921237,6.087184159092121
216,2014-12-19,2014-12-19 00:00:00,85.0,82.71,45.38,1000.0,,,20.4708,20.4708,911.9636119068095,0.17111630913191456,0.17111630913191456,,,3.3591690868085458,3.3591690868085458
215,2014-12-22,2014-12-22 00:00:00,86.99,83.05,45.38,1000.0,,,20.5211,21.8232,922.7893307698862,0.16355316260529448,0.16355316260529448,,,4.165783739470552,5.467883739470551
214,2014-12-23,2014-12-23 00:00:00,81.4,79.02,45.38,1000.0,,,26.0136,23.1756,919.0461118306848,0.1667779797825875,0.1667779797825875,,,9.335802021741252,6.497802021741251
213,2014-12-24,2014-12-24 00:00:00,82.99,78.52,45.38,1000.0,,,23.7363,22.3047,918.6025050182548,0.1674320718089404,0.1674320718089404,,,6.993092819105961,5.561492819105961
212,2014-12-25,2014-12-25 00:00:00,83.0,82.0,45.38,1000.0,,,25.0869,23.2268,923.229488408588,0.16410732010155082,0.16410732010155082,,,8.676167989844917,6.8160679898449175
211,2014-12-26,2014-12-26 00:00:00,84.89,81.01,45.38,1000.0,,,20.848,24.161,928.2371293375684,0.16050416782133414,0.16050416782133414,,,4.797583217866585,8.110583217866587
210,2014-12-29,2014-12-29 00:00:00,85.89,81.04,45.38,1000.0,,,19.8775,20.6319,930.3974701824168,0.15970705702569693,0.15970705702569693,,,3.9067942974303076,4.661194297430308
209,2014-12-30,2014-12-30 00:00:00,90.99,89.5,45.38,1000.0,,,19.8085,16.7228,931.7763446262111,0.15892811072318083,0.15892811072318083,,,3.9156889276819147,0.8299889276819155
208,2015-01-05,2015-01-05 00:00:00,90.99,81.3,45.38,1000.0,,,15.81,24.1191,928.5056943346441,0.16328460175695175,0.16328460175695175,,,-0.5184601756951732,7.790639824304826
207,2015-01-06,2015-01-06 00:00:00,90.68,81.51,45.38,1000.0,,,18.4012,23.945,932.0113843243412,0.16081859920032401,0.16081859920032401,,,2.319340079967599,7.8631400799676
206,2015-01-08,2015-01-08 00:00:00,90.62,81.56,45.38,1000.0,,,16.1313,23.944,932.3953536589928,0.16111721678393193,0.16111721678393193,,,0.019578321606807947,7.8322783216068075
205,2015-01-09,2015-01-09 00:00:00,90.64,81.55,45.38,1000.0,,,16.1257,23.9766,930.060218373153,0.16327328149517312,0.16327328149517312,,,-0.20162814951731178,7.649271850482691
204,2015-01-12,2015-01-12 00:00:00,89.19,81.55,45.38,1000.0,,,17.3272,24.0465,912.4394897571846,0.17853310611293763,0.17853310611293763,,,-0.5261106112937632,6.193189388706237
203,2015-01-13,2015-01-13 00:00:00,90.99,81.55,45.38,1000.0,,,15.8901,24.0698,901.6268885658603,0.1879235195428753,0.1879235195428753,,,-2.9022519542875322,5.277448045712468
202,2015-01-14,2015-01-14 00:00:00,88.21,81.55,45.38,1000.0,,,18.1627,24.094,912.0637838341438,0.1795268102849184,0.1795268102849184,,,0.21001897150815907,6.141318971508159
201,2015-01-15,2015-01-15 00:00:00,90.6,81.58,45.38,1000.0,,,16.2217,24.0893,929.7362628872521,0.16539477104566497,0.16539477104566497,,,-0.317777104566499,7.549822895433504
200,2015-01-16,2015-01-16 00:00:00,89.99,81.6,45.38,1000.0,,,16.7246,24.094,933.6793408269849,0.16253700623375908,0.16253700623375908,,,0.4708993766240894,7.840299376624092
199,2015-01-19,2015-01-19 00:00:00,86.99,81.57,45.38,1000.0,,,19.2711,24.1657,935.9559770223693,0.1616362063942254,0.1616362063942254,,,3.107479360577461,8.002079360577461
198,2015-01-20,2015-01-20 00:00:00,86.78,82.01,45.38,1000.0,,,19.4686,22.8189,932.4904630996954,0.16474401161669183,0.16474401161669183,,,2.9941988383308136,6.344498838330814
197,2015-01-21,2015-01-21 00:00:00,86.79,84.3,45.38,1000.0,,,21.5074,21.6891,932.6028704504141,0.1649689309105287,0.1649689309105287,,,5.010506908947132,5.192206908947131
196,2015-01-22,2015-01-22 00:00:00,90.85,81.63,45.38,1000.0,,,20.6273,24.2095,939.2245444355428,0.15993325876772727,0.15993325876772727,,,4.633974123227276,8.216174123227272
195,2015-01-23,2015-01-23 00:00:00,90.9,87.0,45.38,1000.0,,,16.067,19.327,939.2423307771498,0.16022631553854386,0.16022631553854386,,,0.04436844614561508,3.3043684461456166
194,2015-01-26,2015-01-26 00:00:00,90.95,86.0,45.38,1000.0,,,16.0596,20.2556,931.7389277362774,0.16727673423038505,0.16727673423038505,,,-0.668073423038507,3.5279265769614945
193,2015-01-27,2015-01-27 00:00:00,88.5,81.65,45.38,1000.0,,,18.1013,20.7204,932.793434937938,0.16673453954448167,0.16673453954448167,,,1.4278460455518314,4.0469460455518345
192,2015-01-28,2015-01-28 00:00:00,87.89,85.0,45.38,1000.0,,,18.6368,21.1908,932.2711950946948,0.1674890482074876,0.1674890482074876,,,1.8878951792512382,4.441895179251237
191,2015-01-29,2015-01-29 00:00:00,87.96,84.02,45.38,1000.0,,,22.1296,21.5298,933.1393070279273,0.16709931645217002,0.16709931645217002,,,5.419668354782999,4.819868354783001
190,2015-01-30,2015-01-30 00:00:00,87.99,87.5,45.38,1000.0,,,18.5819,19.0047,942.3689858174498,0.159863959159199,0.159863959159199,,,2.595504084080103,3.0183040840801016
189,2015-02-02,2015-02-02 00:00:00,87.97,84.12,45.38,1000.0,,,18.8352,19.6241,949.7902544148194,0.15477643762724302,0.15477643762724302,,,3.3575562372756984,4.146456237275697
188,2015-02-03,2015-02-03 00:00:00,90.99,84.03,45.38,1000.0,,,18.6769,22.2079,955.5149453918935,0.1504761074063277,0.1504761074063277,,,3.62928925936723,7.160289259367229
187,2015-02-04,2015-02-04 00:00:00,90.99,85.51,45.38,1000.0,,,16.1257,20.8536,953.3413863634885,0.15251595425739267,0.15251595425739267,,,0.8741045742607305,5.602004574260732
186,2015-02-05,2015-02-05 00:00:00,90.98,86.02,45.38,1000.0,,,16.1453,19.5422,958.7722302994698,0.14845664781179846,0.14845664781179846,,,1.2996352188201534,4.696535218820156
185,2015-02-06,2015-02-06 00:00:00,90.99,86.42,45.38,1000.0,,,16.149,20.0768,963.3782534914344,0.14507691734857517,0.14507691734857517,,,1.6413082651424844,5.569108265142482
184,2015-02-09,2015-02-09 00:00:00,90.8,86.56,45.38,1000.0,,,16.3409,20.0051,967.1412385778856,0.14293805159977452,0.14293805159977452,,,2.047094840022549,5.711294840022546
183,2015-02-10,2015-02-10 00:00:00,90.5,87.05,45.38,1000.0,,,16.6026,19.5841,967.5332885724463,0.1429079032444127,0.1429079032444127,,,2.311809675558731,5.293309675558731
182,2015-02-11,2015-02-11 00:00:00,90.4,86.61,45.38,1000.0,,,16.6985,19.9967,967.7366290911049,0.14302792361027178,0.14302792361027178,,,2.395707638972821,5.6939076389728225
181,2015-02-12,2015-02-12 00:00:00,90.49,86.0,45.38,1000.0,,,16.6352,20.5686,969.956339788044,0.1415438259909434,0.1415438259909434,,,2.4808174009056607,6.41421740090566
180,2015-02-13,2015-02-13 00:00:00,90.99,87.05,45.38,1000.0,,,16.2291,19.6362,973.1621489013539,0.13927934093369213,0.13927934093369213,,,2.3011659066307857,5.7082659066307855
179,2015-02-16,2015-02-16 00:00:00,90.99,88.12,45.38,1000.0,,,16.2645,18.7337,979.2469448673985,0.13528948456118162,0.13528948456118162,,,2.73555154388184,5.204751543881837
178,2015-02-17,2015-02-17 00:00:00,90.95,88.32,45.38,1000.0,,,16.3101,18.5725,982.1459434068431,0.13327521291738123,0.13327521291738123,,,2.982578708261876,5.244978708261879
177,2015-02-18,2015-02-18 00:00:00,90.58,88.12,45.38,1000.0,,,16.6343,18.7663,987.2532714660416,0.12953804448711242,0.12953804448711242,,,3.6804955512887574,5.812495551288759
176,2015-02-19,2015-02-19 00:00:00,90.98,90.01,45.38,1000.0,,,16.3083,17.1326,981.0918680840568,0.13463845939727606,0.13463845939727606,,,2.8444540602723922,3.668754060272393
175,2015-02-20,2015-02-20 00:00:00,90.98,89.0,45.38,1000.0,,,16.3204,18.0221,981.0648296869549,0.13492876498092912,0.13492876498092912,,,2.8275235019070877,4.529223501907087
174,2015-02-24,2015-02-24 00:00:00,90.97,89.5,45.38,1000.0,,,16.3772,17.6439,969.0612721653297,0.1457088551670043,0.1457088551670043,,,1.806314483299568,3.073014483299568
173,2015-02-25,2015-02-25 00:00:00,90.75,89.5,45.38,1000.0,,,16.5775,17.6579,967.989941991075,0.1468816179553648,0.1468816179553648,,,1.8893382044635203,2.969738204463521
172,2015-02-26,2015-02-26 00:00:00,90.87,87.53,45.38,1000.0,,,16.4871,19.4313,968.642946200475,0.14664405627303037,0.14664405627303037,,,1.822694372696965,4.766894372696964
171,2015-02-27,2015-02-27 00:00:00,90.96,88.51,45.38,1000.0,,,16.4228,18.5642,964.5330040279694,0.15033493408336404,0.15033493408336404,,,1.389306591663594,3.530706591663595
170,2015-03-02,2015-03-02 00:00:00,92.0,87.71,45.38,1000.0,,,15.5762,19.3391,964.1953071738191,0.1515422172576716,0.1515422172576716,,,0.4219782742328384,4.184878274232837
169,2015-03-03,2015-03-03 00:00:00,91.99,89.01,45.38,1000.0,,,15.5957,18.1814,971.5639382570173,0.14573244713515687,0.14573244713515687,,,1.0224552864843126,3.608155286484312
168,2015-03-04,2015-03-04 00:00:00,90.99,89.02,45.38,1000.0,,,16.4601,18.1888,973.1063155598736,0.144758148507962,0.144758148507962,,,1.9842851492037994,3.7129851492037993
167,2015-03-05,2015-03-05 00:00:00,91.0,90.2,45.38,1000.0,,,16.4638,17.1596,976.339453705846,0.14239166438827108,0.14239166438827108,,,2.2246335611728902,2.920433561172892
166,2015-03-06,2015-03-06 00:00:00,91.5,89.02,45.38,1000.0,,,16.0465,18.2205,980.1190803098967,0.13958297985291537,0.13958297985291537,,,2.0882020147084646,4.262202014708464
165,2015-03-10,2015-03-10 00:00:00,91.4,89.0,45.38,1000.0,,,16.1816,18.3024,978.8988978657646,0.14174830985626405,0.14174830985626405,,,2.006769014373594,4.127569014373593
164,2015-03-11,2015-03-11 00:00:00,91.89,89.0,45.38,1000.0,,,15.7718,18.3183,979.915684354224,0.14120099962254268,0.14120099962254268,,,1.6517000377457336,4.198200037745734
163,2015-03-12,2015-03-12 00:00:00,92.4,89.11,45.38,1000.0,,,15.3471,18.2354,985.4416601912895,0.1369361575404859,0.1369361575404859,,,1.6534842459514092,4.541784245951408
162,2015-03-13,2015-03-13 00:00:00,92.3,90.0,45.38,1000.0,,,15.4439,17.4511,982.1969239252028,0.13989838498505666,0.13989838498505666,,,1.4540615014943334,3.4612615014943344
161,2015-03-16,2015-03-16 00:00:00,91.5,90.01,45.38,1000.0,,,16.1695,17.4865,981.5743193903335,0.14129775071960624,0.14129775071960624,,,2.0397249280393766,3.3567249280393767
160,2015-03-17,2015-03-17 00:00:00,91.6,90.58,45.38,1000.0,,,16.095,16.9929,980.4278702713506,0.14255414414559037,0.14255414414559037,,,1.8395855854409628,2.7374855854409628
159,2015-03-18,2015-03-18 00:00:00,91.7,91.1,45.38,1000.0,,,16.0205,16.5458,981.9499409091367,0.14157851143348427,0.14157851143348427,,,1.862648856651571,2.3879488566515725
158,2015-03-19,2015-03-19 00:00:00,91.75,91.41,45.38,1000.0,,,15.9888,16.2859,985.2462395428556,0.13911958098764998,0.13911958098764998,,,2.0768419012350012,2.3739419012350034
157,2015-03-20,2015-03-20 00:00:00,91.8,91.08,45.38,1000.0,,,15.9571,16.5905,988.1946442962239,0.13695516559360854,0.13695516559360854,,,2.2615834406391464,2.8949834406391446
156,2015-03-23,2015-03-23 00:00:00,92.0,91.0,45.38,1000.0,,,15.8193,16.7023,990.1166466244495,0.13622124900628604,0.13622124900628604,,,2.197175099371396,3.080175099371397
152,2015-03-27,2015-03-27 00:00:00,93.05,92.0,45.38,1000.0,,,14.9521,15.8686,1003.8152996269812,0.12599587989535102,0.12599587989535102,,,2.3525120104648973,3.2690120104648983
151,2015-03-30,2015-03-30 00:00:00,93.05,89.54,45.38,1000.0,,,14.9801,18.132,954.9833026686833,0.12963104070493048,0.12963104070493048,,,2.016995929506953,5.168895929506954
150,2015-03-31,2015-03-31 00:00:00,93.05,92.9,45.38,1000.0,,,14.9894,15.1198,952.8819441922396,0.1316519100205481,0.1316519100205481,,,1.82420899794519,1.95460899794519
149,2015-04-01,2015-04-01 00:00:00,93.5,89.08,45.38,1000.0,,,14.6075,18.593,956.5751308906322,0.1288357633677672,0.1288357633677672,,,1.72392366322328,5.70942366322328
148,2015-04-02,2015-04-02 00:00:00,93.5,89.01,45.38,1000.0,,,14.6168,18.6741,956.3634078349252,0.1292777046286748,0.1292777046286748,,,1.6890295371325195,5.746329537132519
147,2015-04-03,2015-04-03 00:00:00,94.01,92.5,45.38,1000.0,,,14.1846,15.5007,957.5196835224021,0.1285775323823927,0.1285775323823927,,,1.3268467617607307,2.642946761760731
146,2015-04-06,2015-04-06 00:00:00,94.95,93.0,45.38,1000.0,,,13.4041,15.09,957.9944809007898,0.12897856202137373,0.12897856202137373,,,0.5062437978626271,2.1921437978626273
145,2015-04-07,2015-04-07 00:00:00,94.9,93.0,45.38,1000.0,,,13.4526,15.0993,957.9758974604433,0.12926226428322174,0.12926226428322174,,,0.5263735716778264,2.1730735716778256
144,2015-04-08,2015-04-08 00:00:00,94.9,85.02,45.38,1000.0,,,13.46,22.7304,959.2737434058996,0.12843756987082428,0.12843756987082428,,,0.6162430129175736,9.886643012917572
143,2015-04-09,2015-04-09 00:00:00,94.92,91.02,45.38,1000.0,,,13.4498,16.9044,964.668750823531,0.12417614055910364,0.12417614055910364,,,1.032185944089635,4.486785944089634
142,2015-04-10,2015-04-10 00:00:00,94.9,91.01,45.38,1000.0,,,13.473,16.9267,968.2282788823791,0.12146434491367746,0.12146434491367746,,,1.326565508632255,4.7802655086322545
141,2015-04-13,2015-04-13 00:00:00,94.9,92.01,45.38,1000.0,,,13.4945,16.0493,968.1637099397096,0.1222821305293033,0.1222821305293033,,,1.2662869470696698,3.8210869470696682
140,2015-04-14,2015-04-14 00:00:00,94.9,85.02,45.38,1000.0,,,13.501,22.8738,970.0520177791445,0.12095660699470233,0.12095660699470233,,,1.405339300529766,10.778139300529766
139,2015-04-15,2015-04-15 00:00:00,94.89,90.01,45.38,1000.0,,,13.5168,17.9308,972.3886763326401,0.11925596260996014,0.11925596260996014,,,1.5912037390039853,6.005203739003987
138,2015-04-16,2015-04-16 00:00:00,95.14,85.02,45.38,1000.0,,,13.3082,22.9232,973.3357951085837,0.11871527018762922,0.11871527018762922,,,1.436672981237077,11.051672981237079
137,2015-04-17,2015-04-17 00:00:00,94.99,94.0,45.38,1000.0,,,13.4358,14.3095,968.7138803500914,0.12285131240603546,0.12285131240603546,,,1.1506687593964546,2.024368759396454
136,2015-04-20,2015-04-20 00:00:00,95.97,93.51,45.38,1000.0,,,12.6208,14.7714,967.77951605004,0.12442991164006055,0.12442991164006055,,,0.17780883599394492,2.3284088359939457
135,2015-04-21,2015-04-21 00:00:00,94.85,94.5,45.38,1000.0,,,13.5951,13.9015,969.6504846944982,0.12310149618044784,0.12310149618044784,,,1.2849503819552162,1.5913503819552162
134,2015-04-22,2015-04-22 00:00:00,94.6,92.61,45.38,1000.0,,,13.8214,15.6051,972.087566494591,0.12129173542241309,0.12129173542241309,,,1.6922264577586912,3.475926457758691
133,2015-04-23,2015-04-23 00:00:00,94.99,92.6,45.38,1000.0,,,13.487,15.6255,972.9299835957652,0.12083513114816403,0.12083513114816403,,,1.4034868851835967,3.541986885183597
132,2015-04-24,2015-04-24 00:00:00,95.94,93.52,45.38,1000.0,,,12.6692,14.8003,973.5927886194436,0.12053015605334526,0.12053015605334526,,,0.6161843946654741,2.747284394665474
131,2015-04-27,2015-04-27 00:00:00,95.99,92.51,45.38,1000.0,,,12.6432,15.7532,973.1823778966618,0.12166063990000155,0.12166063990000155,,,0.47713600999984607,3.5871360099998455
130,2015-04-28,2015-04-28 00:00:00,95.0,92.11,45.38,1000.0,,,13.515,16.136,977.659764756871,0.11809538625679336,0.11809538625679336,,,1.7054613743206648,4.3264613743206635
129,2015-04-29,2015-04-29 00:00:00,95.0,92.01,45.38,1000.0,,,13.5224,16.2421,978.2274520018543,0.11786631705660855,0.11786631705660855,,,1.7357682943391435,4.455468294339145
128,2015-04-30,2015-04-30 00:00:00,98.0,92.51,45.38,1000.0,,,10.9433,15.7876,985.2283004427933,0.11217684814796954,0.11217684814796954,,,-0.274384814796953,4.569915185203046
127,2015-05-05,2015-05-05 00:00:00,96.04,92.51,45.38,1000.0,,,12.6459,15.8472,988.7573415476409,0.1103985084261048,0.1103985084261048,,,1.6060491573895188,4.80734915738952
126,2015-05-06,2015-05-06 00:00:00,96.09,92.01,45.38,1000.0,,,12.5994,16.3306,989.5502122374332,0.10996617838898308,0.10996617838898308,,,1.6027821611016915,5.333982161101693
125,2015-05-07,2015-05-07 00:00:00,96.09,92.02,45.38,1000.0,,,12.6134,16.3344,990.1129133252214,0.10972825591047088,0.10972825591047088,,,1.6405744089529133,5.361574408952912
124,2015-05-08,2015-05-08 00:00:00,96.1,92.01,45.38,1000.0,,,12.6106,16.3567,992.0014356667494,0.10836287968966105,0.10836287968966105,,,1.7743120310338956,5.520412031033896
123,2015-05-12,2015-05-12 00:00:00,96.1,92.01,45.38,1000.0,,,12.6348,16.4089,991.3233827664806,0.10990211967015025,0.10990211967015025,,,1.6445880329849754,5.418688032984974
122,2015-05-13,2015-05-13 00:00:00,96.1,95.5,45.38,1000.0,,,12.6404,13.1778,992.969244726225,0.1087325051356336,0.1087325051356336,,,1.7671494864366402,2.30454948643664
121,2015-05-14,2015-05-14 00:00:00,96.5,92.01,45.38,1000.0,,,12.2911,16.4359,990.5603228199676,0.11104826625105013,0.11104826625105013,,,1.1862733748949879,5.331073374894988
120,2015-05-15,2015-05-15 00:00:00,96.88,92.01,45.38,1000.0,,,11.9614,16.4499,990.7220871955719,0.11115556183713868,0.11115556183713868,,,0.8458438162861324,5.3343438162861325
119,2015-05-18,2015-05-18 00:00:00,96.85,95.75,45.38,1000.0,,,12.0023,12.9868,993.9337237499885,0.10911373669022564,0.10911373669022564,,,1.0909263309774353,2.075426330977436
118,2015-05-19,2015-05-19 00:00:00,96.2,95.51,45.38,1000.0,,,12.5873,13.2113,992.4258454845093,0.11066903830405786,0.11066903830405786,,,1.520396169594214,2.144396169594213
117,2015-05-20,2015-05-20 00:00:00,96.95,92.01,45.38,1000.0,,,11.9232,16.5178,990.7228215842233,0.11240600960385878,0.11240600960385878,,,0.6825990396141215,5.277199039614123
116,2015-05-21,2015-05-21 00:00:00,96.15,96.0,45.38,1000.0,,,12.645,12.7801,993.2629066206432,0.11043668006872215,0.11043668006872215,,,1.6013319931277845,1.736431993127784
115,2015-05-22,2015-05-22 00:00:00,96.33,93.0,45.38,1000.0,,,12.4885,15.5855,993.821838467182,0.11019714773011269,0.11019714773011269,,,1.4687852269887305,4.56578522698873
114,2015-05-25,2015-05-25 00:00:00,96.5,95.8,45.38,1000.0,,,12.3526,12.9896,994.8634328810836,0.11003246736047967,0.11003246736047967,,,1.3493532639520343,1.986353263952033
113,2015-05-26,2015-05-26 00:00:00,96.95,95.95,45.38,1000.0,,,11.953,12.8592,992.8892333590735,0.11202558311930523,0.11202558311930523,,,0.7504416880694755,1.6566416880694756
112,2015-05-27,2015-05-27 00:00:00,96.5,92.11,45.38,1000.0,,,12.3637,16.5169,993.8302957592509,0.11144821165219619,0.11144821165219619,,,1.21887883478038,5.37207883478038
111,2015-05-28,2015-05-28 00:00:00,97.0,92.54,45.38,1000.0,,,11.9176,16.108,992.7410970826902,0.11267040860109404,0.11267040860109404,,,0.6505591398905963,4.840959139890597
110,2015-05-29,2015-05-29 00:00:00,96.99,92.52,45.38,1000.0,,,11.9316,16.1406,993.6415969046245,0.11212743786097559,0.11212743786097559,,,0.7188562139024395,4.927856213902439
109,2015-06-01,2015-06-01 00:00:00,96.95,95.9,45.38,1000.0,,,11.9828,12.9459,994.1562831416533,0.1124439232339351,0.1124439232339351,,,0.7384076766064904,1.7015076766064912
108,2015-06-02,2015-06-02 00:00:00,96.25,95.95,45.38,1000.0,,,12.6292,12.9067,994.6529005809583,0.11225886069569908,0.11225886069569908,,,1.4033139304300928,1.6808139304300926
107,2015-06-03,2015-06-03 00:00:00,97.0,95.01,45.38,1000.0,,,11.9474,13.7953,994.459100581684,0.11269356025957498,0.11269356025957498,,,0.6780439740425024,2.5259439740425016
106,2015-06-04,2015-06-04 00:00:00,96.3,95.75,45.38,1000.0,,,12.5957,13.1079,992.6365267470693,0.11460086112097141,0.11460086112097141,,,1.1356138879028599,1.6478138879028599
105,2015-06-05,2015-06-05 00:00:00,96.3,95.75,45.38,1000.0,,,12.6022,13.1154,993.7210575359918,0.11388618349249546,0.11388618349249546,,,1.213581650750454,1.7267816507504534
103,2015-06-09,2015-06-09 00:00:00,96.2,95.9,45.38,1000.0,,,12.7223,13.0036,996.4154197619066,0.11250336320929562,0.11250336320929562,,,1.4719636790704396,1.7532636790704395
102,2015-06-10,2015-06-10 00:00:00,96.3,95.9,45.38,1000.0,,,12.6348,13.0111,998.6284359316656,0.11075607005214445,0.11075607005214445,,,1.5591929947855547,1.9354929947855553
101,2015-06-11,2015-06-11 00:00:00,96.75,96.0,45.38,1000.0,,,12.2212,12.9244,998.6569323243518,0.1109916009290326,0.1109916009290326,,,1.12203990709674,1.8252399070967407
100,2015-06-15,2015-06-15 00:00:00,97.0,96.0,45.38,1000.0,,,12.0107,12.9533,998.4176221092331,0.11226948735571914,0.11226948735571914,,,0.7837512644280871,1.7263512644280876
99,2015-06-16,2015-06-16 00:00:00,96.9,95.01,45.38,1000.0,,,12.1095,13.9136,997.2831531325287,0.11358425306498005,0.11358425306498005,,,0.7510746935019963,2.5551746935019963
98,2015-06-17,2015-06-17 00:00:00,96.9,95.0,45.38,1000.0,,,12.115,13.9332,997.2634317182719,0.11387465968739033,0.11387465968739033,,,0.7275340312609675,2.5457340312609666
97,2015-06-18,2015-06-18 00:00:00,96.9,95.01,45.38,1000.0,,,12.1216,13.9332,1000.6678575641198,0.11099800284180648,0.11099800284180648,,,1.021799715819352,2.8333997158193505
96,2015-06-19,2015-06-19 00:00:00,97.0,95.01,45.38,1000.0,,,12.0331,13.9425,999.5067238214074,0.11233972537734868,0.11233972537734868,,,0.7991274622651314,2.708527462265133
95,2015-06-22,2015-06-22 00:00:00,96.5,95.01,45.38,1000.0,,,12.5258,13.9714,1000.3796058217624,0.1123416928654857,0.1123416928654857,,,1.291630713451429,2.737230713451428
94,2015-06-23,2015-06-23 00:00:00,96.5,96.02,45.38,1000.0,,,12.5323,12.9943,1001.5174711805699,0.11155192925305611,0.11155192925305611,,,1.377107074694388,1.8391070746943896
93,2015-06-24,2015-06-24 00:00:00,96.5,95.01,45.38,1000.0,,,12.5388,13.9909,1001.701564425809,0.11165114764590736,0.11165114764590736,,,1.3736852354092637,2.8257852354092634
92,2015-06-25,2015-06-25 00:00:00,96.25,96.07,45.38,1000.0,,,12.7866,12.9617,1002.6357897889019,0.11104861902615645,0.11104861902615645,,,1.681738097384354,1.8568380973843546
91,2015-06-26,2015-06-26 00:00:00,97.0,95.01,45.38,1000.0,,,12.0722,14.0105,1002.1979716702813,0.11173073029672027,0.11173073029672027,,,0.8991269703279734,2.8374269703279733
90,2015-06-29,2015-06-29 00:00:00,97.0,96.3,45.38,1000.0,,,12.0899,12.768,1002.1385694981195,0.11261195204725984,0.11261195204725984,,,0.8287047952740156,1.5068047952740162
89,2015-06-30,2015-06-30 00:00:00,97.0,95.26,45.38,1000.0,,,12.0955,13.8009,1004.2368350377081,0.1109034387716453,0.1109034387716453,,,1.0051561228354693,2.71055612283547
88,2015-07-01,2015-07-01 00:00:00,97.0,95.21,45.38,1000.0,,,12.102,13.8605,1003.4600798799519,0.11191379640269218,0.11191379640269218,,,0.9106203597307818,2.6691203597307815
87,2015-07-02,2015-07-02 00:00:00,97.25,95.06,45.38,1000.0,,,11.8664,14.0212,1004.5543910011012,0.11115139916720813,0.11115139916720813,,,0.7512600832791865,2.9060600832791863
86,2015-07-03,2015-07-03 00:00:00,96.3,95.01,45.38,1000.0,,,12.7978,14.0822,1005.167923736808,0.11084390174831647,0.11084390174831647,,,1.7134098251683536,2.9978098251683534
85,2015-07-06,2015-07-06 00:00:00,96.3,96.1,45.38,1000.0,,,12.8201,13.0185,1005.416415505092,0.11143760300103334,0.11143760300103334,,,1.6763396998966655,1.874739699896665
84,2015-07-07,2015-07-07 00:00:00,97.25,95.01,45.38,1000.0,,,11.8943,14.1232,1005.1521976895988,0.11197078960872561,0.11197078960872561,,,0.697221039127438,2.9261210391274393
83,2015-07-08,2015-07-08 00:00:00,97.24,95.01,45.38,1000.0,,,11.9092,14.1344,1005.6314375038415,0.11179081458154914,0.11179081458154914,,,0.7301185418450853,2.9553185418450845
82,2015-07-09,2015-07-09 00:00:00,96.97,95.76,45.38,1000.0,,,12.1802,13.3846,1007.9966775207172,0.10979547253672393,0.10979547253672393,,,1.2006527463276058,2.4050527463276072
81,2015-07-10,2015-07-10 00:00:00,97.24,95.76,45.38,1000.0,,,11.9213,13.3929,1009.2014352366314,0.10891356312173374,0.10891356312173374,,,1.029943687826627,2.5015436878266257
80,2015-07-13,2015-07-13 00:00:00,97.24,95.75,45.38,1000.0,,,11.9381,13.4302,1010.1420464559285,0.1088335546231828,0.1088335546231828,,,1.0547445376817208,2.5468445376817197
79,2015-07-14,2015-07-14 00:00:00,97.07,95.76,45.38,1000.0,,,12.1132,13.4293,1011.2180261490399,0.1080686539854486,0.1080686539854486,,,1.3063346014551414,2.62243460145514
78,2015-07-15,2015-07-15 00:00:00,96.45,95.76,45.38,1000.0,,,12.74,13.4386,1012.1100383722465,0.10747974895856367,0.10747974895856367,,,1.9920251041436323,2.6906251041436313
77,2015-07-16,2015-07-16 00:00:00,97.14,95.76,45.38,1000.0,,,12.0554,13.4479,1014.7723453845574,0.10517589762745949,0.10517589762745949,,,1.5378102372540514,2.9303102372540515
76,2015-07-17,2015-07-17 00:00:00,97.0,96.45,45.38,1000.0,,,12.2017,19.7154,1014.2514789529931,0.1059500782035981,0.1059500782035981,,,1.6066921796401914,9.12039217964019
75,2015-07-20,2015-07-20 00:00:00,98.0,96.7,45.38,1000.0,,,11.2237,12.5249,1014.638542288509,0.10639219663128238,0.10639219663128238,,,0.5844803368717617,1.8856803368717632
74,2015-07-21,2015-07-21 00:00:00,97.89,96.71,45.38,1000.0,,,11.3373,12.5221,1015.9423663101528,0.10539192237297187,0.10539192237297187,,,0.7981077627028128,1.982907762702812
72,2015-07-23,2015-07-23 00:00:00,97.14,96.75,45.38,1000.0,,,12.1001,12.496,1015.7527423232594,0.1061260775162826,0.1061260775162826,,,1.4874922483717388,1.8833922483717398
71,2015-07-24,2015-07-24 00:00:00,97.0,90.01,45.38,1000.0,,,12.2482,19.8747,1015.0926965716646,0.1070535781174276,0.1070535781174276,,,1.5428421882572394,9.16934218825724
69,2015-07-27,2015-07-27 00:00:00,97.25,96.5,45.38,1000.0,,,12.0135,12.7838,1014.4327152015418,0.10855450813309914,0.10855450813309914,,,1.1580491866900875,1.9283491866900864
68,2015-07-28,2015-07-28 00:00:00,97.0,90.11,45.38,1000.0,,,12.2762,19.857,1014.1372775295358,0.10913584091217719,0.10913584091217719,,,1.3626159087822796,8.94341590878228
67,2015-07-29,2015-07-29 00:00:00,97.3,90.01,45.38,1000.0,,,11.9753,20.0004,1017.902071949263,0.10566444142359015,0.10566444142359015,,,1.4088558576409866,9.433955857640985
66,2015-07-30,2015-07-30 00:00:00,97.4,96.0,45.38,1000.0,,,11.8794,13.3315,1017.5905570055099,0.10625478616763452,0.10625478616763452,,,1.2539213832365483,2.706021383236548
65,2015-07-31,2015-07-31 00:00:00,97.7,96.5,45.38,1000.0,,,11.5795,12.8164,1016.896753147713,0.10723175811694084,0.10723175811694084,,,0.8563241883059156,2.093224188305916
64,2015-08-03,2015-08-03 00:00:00,97.15,95.76,45.38,1000.0,,,12.1635,13.6249,1016.3843029048418,0.10861052162669328,0.10861052162669328,,,1.3024478373306732,2.7638478373306725
63,2015-08-04,2015-08-04 00:00:00,97.85,96.75,45.38,1000.0,,,11.4472,12.5873,1017.5943394428596,0.10767527944946967,0.10767527944946967,,,0.6796720550530342,1.8197720550530345
62,2015-08-05,2015-08-05 00:00:00,97.5,95.77,45.38,1000.0,,,11.8133,13.6351,1017.7010633174979,0.10785640267240267,0.10785640267240267,,,1.0276597327597337,2.8494597327597333
61,2015-08-06,2015-08-06 00:00:00,97.0,95.77,45.38,1000.0,,,12.3404,13.6454,1017.6407861206904,0.10820840657287618,0.10820840657287618,,,1.5195593427123821,2.824559342712382
60,2015-08-07,2015-08-07 00:00:00,97.5,90.01,45.38,1000.0,,,11.8254,20.2361,1017.5145189458653,0.10862982053078296,0.10862982053078296,,,0.962417946921704,9.373117946921704
59,2015-08-10,2015-08-10 00:00:00,97.5,95.76,45.38,1000.0,,,11.844,13.6994,1018.9143493117699,0.10807784155357719,0.10807784155357719,,,1.03621584464228,2.8916158446422813
58,2015-08-11,2015-08-11 00:00:00,97.5,95.77,45.38,1000.0,,,11.8505,13.6994,1019.120693047993,0.10816043597214657,0.10816043597214657,,,1.0344564027853433,2.8833564027853438
57,2015-08-12,2015-08-12 00:00:00,97.5,95.77,45.38,1000.0,,,11.857,13.7096,1019.5926856699273,0.1079693344460027,0.1079693344460027,,,1.0600665553997306,2.9126665553997313
56,2015-08-13,2015-08-13 00:00:00,97.5,95.76,45.38,1000.0,,,11.8636,13.732,1019.6350882320063,0.10822182466442094,0.10822182466442094,,,1.0414175335579063,2.9098175335579057
55,2015-08-14,2015-08-14 00:00:00,97.5,95.77,45.38,1000.0,,,11.8701,13.7422,1019.2134987283983,0.1089572759843479,0.1089572759843479,,,0.9743724015652102,2.84647240156521
54,2015-08-17,2015-08-17 00:00:00,97.5,95.76,45.38,1000.0,,,11.8896,13.7758,1017.9120104553665,0.11122989679140746,0.11122989679140746,,,0.7666103208592538,2.6528103208592544
53,2015-08-18,2015-08-18 00:00:00,97.49,95.75,45.38,1000.0,,,11.9064,13.7981,1018.6505181192421,0.1107622922057291,0.1107622922057291,,,0.830170779427089,2.721870779427089
52,2015-08-19,2015-08-19 00:00:00,97.5,95.77,45.38,1000.0,,,11.9027,13.7879,1017.7696273718412,0.11200177149930754,0.11200177149930754,,,0.7025228500692453,2.5877228500692464
51,2015-08-20,2015-08-20 00:00:00,97.45,95.75,45.38,1000.0,,,11.9632,13.8214,1015.4744191953073,0.11475402677282884,0.11475402677282884,,,0.4877973227171175,2.3459973227171176
50,2015-08-21,2015-08-21 00:00:00,96.99,95.76,45.38,1000.0,,,12.468,13.8214,1012.9594705660721,0.11776940167549853,0.11776940167549853,,,0.6910598324501471,2.0444598324501477
49,2015-08-24,2015-08-24 00:00:00,96.99,90.01,45.38,1000.0,,,12.4923,20.7167,1012.4419308296234,0.11933363484452952,0.11933363484452952,,,0.5589365155470478,8.783336515547047
48,2015-08-25,2015-08-25 00:00:00,96.75,93.01,45.38,1000.0,,,12.7652,17.0543,1014.644563860786,0.1172837164067751,0.1172837164067751,,,1.0368283593224898,5.325928359322491
47,2015-08-26,2015-08-26 00:00:00,97.19,93.01,45.38,1000.0,,,12.2892,17.0739,1016.3929454224703,0.11572321216172803,0.11572321216172803,,,0.7168787838271964,5.5015787838271955
46,2015-08-27,2015-08-27 00:00:00,97.5,96.35,45.38,1000.0,,,11.9576,13.2281,1016.3968074308489,0.11604996141420984,0.11604996141420984,,,0.3526038585790161,1.6231038585790163
45,2015-08-28,2015-08-28 00:00:00,97.49,97.2,45.38,1000.0,,,11.9753,12.2939,1015.8190762026126,0.11701199516066366,0.11701199516066366,,,0.2741004839336352,0.5927004839336352
44,2015-08-31,2015-08-31 00:00:00,97.49,90.01,45.38,1000.0,,,11.9968,20.929,1016.1448156914597,0.11766964812985196,0.11766964812985196,,,0.2298351870148032,9.162035187014801
43,2015-09-01,2015-09-01 00:00:00,97.2,96.5,45.38,1000.0,,,12.3255,13.1107,1017.7673215342306,0.11622497871169234,0.11622497871169234,,,0.7030021288307662,1.4882021288307659
42,2015-09-02,2015-09-02 00:00:00,96.99,95.02,45.38,1000.0,,,12.5686,14.8217,1017.4102217251241,0.11695671012020906,0.11695671012020906,,,0.872928987979094,3.126028987979094
41,2015-09-03,2015-09-03 00:00:00,96.94,95.01,45.38,1000.0,,,12.6338,14.8487,1018.0576664135921,0.11658189418906027,0.11658189418906027,,,0.9756105810939744,3.1905105810939727
40,2015-09-04,2015-09-04 00:00:00,97.49,95.02,45.38,1000.0,,,12.0256,14.8515,1018.8616026979814,0.11603226226761394,0.11603226226761394,,,0.4223737732386059,3.248273773238605
39,2015-09-07,2015-09-07 00:00:00,96.94,96.7,45.38,1000.0,,,12.6702,12.944,1018.851172616198,0.11707043142804525,0.11707043142804525,,,0.9631568571954734,1.2369568571954748
38,2015-09-08,2015-09-08 00:00:00,97.49,96.54,45.38,1000.0,,,12.0564,13.1368,1019.0201892979387,0.1172272223431645,0.1172272223431645,,,0.3336777656835501,1.4140777656835493
37,2015-09-09,2015-09-09 00:00:00,97.5,96.95,45.38,1000.0,,,12.0526,12.6776,1020.331925077067,0.11610292762807162,0.11610292762807162,,,0.4423072371928374,1.0673072371928374
36,2015-09-10,2015-09-10 00:00:00,97.5,96.95,45.38,1000.0,,,12.0601,12.6869,1020.459954075723,0.11630419187194348,0.11630419187194348,,,0.4296808128056533,1.0564808128056526
35,2015-09-11,2015-09-11 00:00:00,97.5,95.02,45.38,1000.0,,,12.0675,14.9577,1020.2947642964361,0.1168372536297487,0.1168372536297487,,,0.38377463702513026,3.2739746370251304
34,2015-09-14,2015-09-14 00:00:00,97.5,97.0,45.38,1000.0,,,12.0908,12.6664,1021.8571443741922,0.11611571980617806,0.11611571980617806,,,0.4792280193821945,1.0548280193821942
33,2015-09-15,2015-09-15 00:00:00,97.2,97.15,45.38,1000.0,,,12.4448,12.5025,1022.7708877959392,0.11542635734762287,0.11542635734762287,,,0.9021642652377135,0.9598642652377123
32,2015-09-16,2015-09-16 00:00:00,97.5,97.06,45.38,1000.0,,,12.1067,12.6161,1023.3858387106636,0.11507464614456106,0.11507464614456106,,,0.5992353855438939,1.1086353855438933
31,2015-09-17,2015-09-17 00:00:00,97.18,97.0,45.38,1000.0,,,12.4857,12.6953,1024.2922998526503,0.11438899901891722,0.11438899901891722,,,1.0468000981082781,1.2564000981082781
30,2015-09-18,2015-09-18 00:00:00,97.35,97.2,45.38,1000.0,,,12.2967,12.4718,1022.976658457402,0.11624351336898683,0.11624351336898683,,,0.6723486631013156,0.8474486631013161
29,2015-09-21,2015-09-21 00:00:00,97.2,97.0,45.38,1000.0,,,12.4988,12.7344,1024.609391537667,0.11542609150968051,0.11542609150968051,,,0.9561908490319482,1.1917908490319498
25,2015-09-25,2015-09-25 00:00:00,97.9,97.5,45.38,1000.0,,,11.7117,12.1821,1025.5035096773422,0.11581485178092098,0.11581485178092098,,,0.13021482190790223,0.6006148219079019
24,2015-09-28,2015-09-28 00:00:00,97.9,97.5,45.38,1000.0,,,11.7285,12.2026,980.7150654518584,0.11615813598693778,0.11615813598693778,,,0.1126864013062221,0.5867864013062221
23,2015-09-29,2015-09-29 00:00:00,97.9,97.6,45.38,1000.0,,,11.7341,12.0899,981.0270296150917,0.11613852837875242,0.11613852837875242,,,0.12024716212475717,0.4760471621247575
22,2015-09-30,2015-09-30 00:00:00,,,45.38,1000.0,,,11.9185,15.2725,982.5107787111763,0.11473469736944147,0.11473469736944147,,,0.4450302630558518,3.799030263055853
21,2015-10-01,2015-10-01 00:00:00,97.85,97.0,45.3753,1000.0,,,11.8058,12.8257,984.5012942502144,0.11272983958741227,0.11272983958741227,,,0.5328160412587728,1.5527160412587726
20,2015-10-02,2015-10-02 00:00:00,98.0,97.2,45.3753,1000.0,,,11.6326,12.5919,983.1030531807987,0.11472605031582549,0.11472605031582549,,,0.1599949684174522,1.119294968417453
19,2015-10-05,2015-10-05 00:00:00,97.9,97.2,45.3753,1000.0,,,11.7695,12.6171,987.2338688290545,0.11085213589621258,0.11085213589621258,,,0.6842864103787427,1.5318864103787426
18,2015-10-06,2015-10-06 00:00:00,97.9,97.3,45.3753,1000.0,,,11.776,12.5025,987.0039834454067,0.11146446617050132,0.11146446617050132,,,0.6295533829498687,1.3560533829498684
17,2015-10-07,2015-10-07 00:00:00,98.0,97.35,45.3753,1000.0,,,11.6614,12.4494,988.8185627717373,0.1096413871528032,0.1096413871528032,,,0.6972612847196817,1.485261284719682
16,2015-10-08,2015-10-08 00:00:00,98.0,97.86,45.3753,1000.0,,,11.667,11.8365,988.2511441146324,0.11065611526474944,0.11065611526474944,,,0.6013884735250556,0.770888473525055
15,2015-10-09,2015-10-09 00:00:00,98.09,97.85,45.3753,1000.0,,,11.5636,11.8542,990.6506297331781,0.10812563519124242,0.10812563519124242,,,0.7510364808757561,1.0416364808757574
14,2015-10-12,2015-10-12 00:00:00,98.0,97.31,45.3753,1000.0,,,11.6903,12.5398,991.3258948017279,0.10831943306248663,0.10831943306248663,,,0.8583566937513378,1.7078566937513369
13,2015-10-13,2015-10-13 00:00:00,98.0,97.3,45.3753,1000.0,,,11.6959,12.5603,990.1876059629761,0.11003287583479501,0.11003287583479501,,,0.6926124165204985,1.5570124165204984
12,2015-10-14,2015-10-14 00:00:00,98.29,97.71,45.3753,1000.0,,,11.3476,12.0601,990.255269803625,0.11029460207065958,0.11029460207065958,,,0.3181397929340424,1.0306397929340427
11,2015-10-15,2015-10-15 00:00:00,98.0,97.7,45.3753,1000.0,,,11.708,12.0796,991.6046948232322,0.10899869017524026,0.10899869017524026,,,0.8081309824759746,1.1797309824759736
10,2015-10-16,2015-10-16 00:00:00,98.49,97.5,45.3753,1000.0,,,11.1119,12.3358,994.7248868344531,0.10555099136331333,0.10555099136331333,,,0.5568008636686663,1.7807008636686668
9,2015-10-19,2015-10-19 00:00:00,98.29,97.46,45.3753,1000.0,,,11.3727,12.4094,994.5028507556938,0.10682525446517831,0.10682525446517831,,,0.6901745534821693,1.726874553482169
8,2015-10-20,2015-10-20 00:00:00,97.97,97.61,45.3753,1000.0,,,11.7769,12.2287,994.2204801806739,0.10751137773969913,0.10751137773969913,,,1.0257622260300874,1.4775622260300878
7,2015-10-21,2015-10-21 00:00:00,97.98,97.45,45.3753,1000.0,,,11.7704,12.4392,995.1703691495557,0.10668476274083807,0.10668476274083807,,,1.1019237259161923,1.7707237259161914
6,2015-10-22,2015-10-22 00:00:00,97.97,97.46,45.3753,1000.0,,,11.79,12.4345,994.9229428807266,0.10733103985526654,0.10733103985526654,,,1.0568960144733452,1.701396014473346
5,2015-10-23,2015-10-23 00:00:00,97.98,97.46,45.3753,1000.0,,,11.7835,12.4429,995.6021583754622,0.10683451370039551,0.10683451370039551,,,1.1000486299604493,1.759448629960449
4,2015-10-26,2015-10-26 00:00:00,97.98,97.45,45.3753,1000.0,,,11.8039,12.4811,995.6884489315506,0.1077640642122896,0.1077640642122896,,,1.0274935787710415,1.7046935787710407
3,2015-10-27,2015-10-27 00:00:00,97.98,97.5,45.3753,1000.0,,,11.8105,12.4252,994.8099751706507,0.10921627673505119,0.10921627673505119,,,0.8888723264948801,1.503572326494881
2,2015-10-28,2015-10-28 00:00:00,97.98,97.45,45.3753,1000.0,,,11.817,12.4988,996.2672125364674,0.10773870943434721,0.10773870943434721,,,1.043129056565279,1.7249290565652782
1,2015-10-29,2015-10-29 00:00:00,97.95,97.41,45.3753,1000.0,,,11.8626,12.5593,996.9396993125595,0.1072435144081206,0.1072435144081206,,,1.1382485591879394,1.8349485591879393
0,2015-10-30,2015-10-30 00:00:00,97.97,97.6,45.3753,1000.0,,,11.844,12.3218,996.3439950031274,0.10834785238557892,0.10834785238557892,,,1.0092147614421076,1.4870147614421079
